temperature,strain_rate,strain,flow_stress
800.0,0.1,0.0,50.1620895154801
800.0,0.1,0.0007612415562077,52.2828586142331
800.0,0.1,0.0015224831124154,54.403668226215
800.0,0.1,0.0023968841950021,56.523231652328
800.0,0.1,0.0032732186281725,58.6428240503113
800.0,0.1,0.0041643875064408,60.7622697011012
800.0,0.1,0.0051917733246469,62.8799577815626
800.0,0.1,0.0062191591428529,64.9977107562345
800.0,0.1,0.0072900603611543,67.1148508103656
800.0,0.1,0.0084851076836436,69.2301322755332
800.0,0.1,0.0096801550061329,71.3454949501886
800.0,0.1,0.0109627948340416,73.4593553968272
800.0,0.1,0.0123424452311758,75.5715573282245
800.0,0.1,0.01372209562831,77.6838594179291
800.0,0.1,0.015241135059011,79.7933804232363
800.0,0.1,0.0168065881086498,81.902060137461
800.0,0.1,0.0183883196970976,84.0104825986008
800.0,0.1,0.0201302242791814,86.1153187042305
800.0,0.1,0.0218721288612651,88.22029661863
800.0,0.1,0.0237119916421402,90.3228782570728
800.0,0.1,0.0256486979788928,92.4231104266217
800.0,0.1,0.0275854043156454,94.5235082759015
800.0,0.1,0.0297237927594212,96.6182638185859
800.0,0.1,0.0318645010453229,98.7131439555503
800.0,0.1,0.0341229499669824,100.804456661814
800.0,0.1,0.0364769528827472,102.892931864039
800.0,0.1,0.0388861002291559,104.979642869361
800.0,0.1,0.0415234135077943,107.058386972348
800.0,0.1,0.0441607267864327,109.137385724119
800.0,0.1,0.0470946198310049,111.204562998779
800.0,0.1,0.0500491328826209,113.271193485846
800.0,0.1,0.0532800692735112,115.32533419531
800.0,0.1,0.0565897448620362,117.376166486001
800.0,0.1,0.0601833979688257,119.412412911982
800.0,0.1,0.0638829374741304,121.443473724848
800.0,0.1,0.0678922921158156,123.456529249348
800.0,0.1,0.0719859515885099,125.465008667113
800.0,0.1,0.0764805634285575,127.447123221742
800.0,0.1,0.0810876539770578,129.42146628466
800.0,0.1,0.086040030142214,131.370395495317
800.0,0.1,0.0912677258216622,133.296573852373
800.0,0.1,0.0967164999230125,135.20458224269
800.0,0.1,0.102682274804414,137.063724282446
800.0,0.1,0.108888382260339,138.897811168093
800.0,0.1,0.115353222547083,140.704295892471
800.0,0.1,0.122140855321666,142.473603722099
800.0,0.1,0.129234251978202,144.204536601663
800.0,0.1,0.13661206885827,145.897235629474
800.0,0.1,0.144300270857,147.545575692175
800.0,0.1,0.152310771398361,149.144547651204
800.0,0.1,0.160629664129836,150.692512363713
800.0,0.1,0.169279852027709,152.180668090582
800.0,0.1,0.178228895024371,153.610053203701
800.0,0.1,0.18748332065361,154.974220980213
800.0,0.1,0.197044427435453,156.266768403925
800.0,0.1,0.206910479880592,157.48080145959
800.0,0.1,0.217073785320866,158.60975984002
800.0,0.1,0.227523682067167,159.646496498128
800.0,0.1,0.238242433206366,160.584834011252
800.0,0.1,0.249201774377349,161.421723737006
800.0,0.1,0.260359350895272,162.161503132969
800.0,0.1,0.271684926979138,162.804125310985
800.0,0.1,0.283158560414451,163.342402756101
800.0,0.1,0.294748422167785,163.775971634325
800.0,0.1,0.306428247213545,164.09822528089
800.0,0.1,0.31816814602974,164.302221800638
800.0,0.1,0.329931792852815,164.390120513943
800.0,0.1,0.341686161406238,164.366381014095
800.0,0.1,0.353402106809559,164.236419649364
800.0,0.1,0.365054152048149,164.004309773019
800.0,0.1,0.376623303640545,163.677517257748
800.0,0.1,0.388091739465186,163.260692398705
800.0,0.1,0.399446067735034,162.759190360634
800.0,0.1,0.410664679538231,162.17198782392
800.0,0.1,0.421736574390941,161.50375437725
800.0,0.1,0.432654200787582,160.759768925875
800.0,0.1,0.443417456696587,159.947070363878
800.0,0.1,0.454047909679838,159.079465393188
800.0,0.1,0.464590730071621,158.177106527479
800.0,0.1,0.475075616081652,157.252359380221
800.0,0.1,0.485509237442489,156.308170905878
800.0,0.1,0.495894341669919,155.345892330178
800.0,0.1,0.506240076805705,154.368995968876
800.0,0.1,0.516578162438184,153.388513815755
800.0,0.1,0.526950315952889,152.41879627454
800.0,0.1,0.537356515565125,151.460068057164
800.0,0.1,0.547798734470402,150.513228806381
800.0,0.1,0.558289296725521,149.583033014315
800.0,0.1,0.56884608028443,148.676662842486
800.0,0.1,0.579475956670491,147.797536980591
800.0,0.1,0.590176717671121,146.945852201679
800.0,0.1,0.60094545730643,146.121475008705
800.0,0.1,0.611776480248563,145.323058223404
800.0,0.1,0.622669518336737,144.551574313165
800.0,0.1,0.63363228605063,143.811811792937
800.0,0.1,0.644665750730315,143.10584888854
800.0,0.1,0.655764822350502,142.432950918582
800.0,0.1,0.666933345904411,141.797166246901
800.0,0.1,0.67817339790522,141.202178673911
800.0,0.1,0.689481738423675,140.649200611058
800.0,0.1,0.700865990682012,140.147039942703
800.0,0.1,0.712313802300069,139.691470668136
800.0,0.1,0.723807904219112,139.273122367281
800.0,0.1,0.735344946101421,138.892226706265
800.0,0.1,0.746916476676298,138.54412637496
800.0,0.1,0.758516008463468,138.224829093018
800.0,0.1,0.770143594002361,137.937254798715
800.0,0.1,0.78180091881831,137.687008627326
800.0,0.1,0.793484009853371,137.47337933962
800.0,0.1,0.805191012658128,137.299477313761
800.0,0.1,0.816914924840874,137.15861428275
800.0,0.1,0.828649740023837,137.04306460013
800.0,0.1,0.840395016161052,136.955609126805
800.0,0.1,0.852146702884574,136.888736693691
800.0,0.1,0.863896699674281,136.815859251973
800.0,0.1,0.875641519612813,136.726617080926
800.0,0.1,0.887382212189353,136.625474688878
800.0,0.1,0.899127391657936,136.537851404562
800.0,0.1,0.910885404423563,136.49847714483
800.0,0.1,0.922652098786,136.525563987052
800.0,0.1,0.934418303674052,136.606534916908
800.0,0.1,0.946183255054853,136.701741434465
800.0,0.1,0.957948348387461,136.795916424165
800.0,0.1,0.969713623518294,136.888637668047
800.0,0.1,0.981479265108981,136.978029725975
800.0,0.1,0.993245559814451,137.06055441544
800.0,0.1,1.0050122880717,137.137841814106
800.0,0.1,1.01677956831503,137.199371921843
800.0,0.1,1.02854609876969,137.219527964581
800.0,0.1,1.04030583648339,137.188107742406
800.0,0.1,1.05205569877777,137.116200458709
800.0,0.1,1.06379350016754,137.008370737869
800.0,0.1,1.07551454931395,136.861256502455
800.0,0.1,1.08723056029389,136.703629055526
800.0,0.1,1.09894952080157,136.551827731923
800.0,0.1,1.1106640584101,136.391105492824
800.0,0.1,1.12237356782532,136.220676788883
800.0,0.1,1.13407747338371,136.039855491649
800.0,0.1,1.14577299707497,135.844450581488
800.0,0.1,1.15745698996691,135.630223029807
800.0,0.1,1.16912596482001,135.394589913031
800.0,1.0,0.0,60.9355615150695
800.0,1.0,0.0006436857362054,63.7918033812733
800.0,1.0,0.0013081541619533,66.6477850131303
800.0,1.0,0.0023919546075526,69.4972094824459
800.0,1.0,0.0034757550531518,72.3467630574651
800.0,1.0,0.0046127346233091,75.1953415200699
800.0,1.0,0.0058487399637145,78.0420140245918
800.0,1.0,0.0070847453041198,80.8888469518414
800.0,1.0,0.0084399247638934,83.7330256101384
800.0,1.0,0.0098468846343409,86.5761729390702
800.0,1.0,0.0112733085728363,89.4189890256641
800.0,1.0,0.0128819783139599,92.25707857961
800.0,1.0,0.0144906480550835,95.0954097321658
800.0,1.0,0.0162333437998279,97.9297834835604
800.0,1.0,0.0180830887917448,100.761086910607
800.0,1.0,0.019951222510628,103.592035031082
800.0,1.0,0.0220155475821535,106.416364130327
800.0,1.0,0.024079872653679,109.241041947084
800.0,1.0,0.0262787547319071,112.060838714613
800.0,1.0,0.028538985694786,114.87864450818
800.0,1.0,0.0308741436216931,117.693648590055
800.0,1.0,0.0333439410719797,120.503337249629
800.0,1.0,0.0358361845845791,123.312430814561
800.0,1.0,0.0385299111585894,126.112550228447
800.0,1.0,0.0412236377325997,128.913192309633
800.0,1.0,0.0441615409754695,131.701657396452
800.0,1.0,0.0471216177730338,134.489561912128
800.0,1.0,0.0503230860831522,137.264081678039
800.0,1.0,0.053579322134396,140.036098559934
800.0,1.0,0.0571093515253651,142.791018168185
800.0,1.0,0.0607085202695651,145.542208212181
800.0,1.0,0.0646469065891565,148.269345552203
800.0,1.0,0.0686507508990878,150.992412216964
800.0,1.0,0.0730335985881317,153.685214016388
800.0,1.0,0.0775344012549708,156.368157407589
800.0,1.0,0.0823166970923558,159.026293402526
800.0,1.0,0.0873354413969513,161.661535246017
800.0,1.0,0.0925098023856753,164.281946740395
800.0,1.0,0.0980922906907783,166.857697883324
800.0,1.0,0.103914563027726,169.404726459789
800.0,1.0,0.109989869489236,171.92088399037
800.0,1.0,0.116486780584009,174.379721121658
800.0,1.0,0.123245108598888,176.800107905858
800.0,1.0,0.130251987187932,179.182164306238
800.0,1.0,0.137526617640706,181.520679221171
800.0,1.0,0.145140151806582,183.799412774651
800.0,1.0,0.153099073109023,186.011300737618
800.0,1.0,0.16133591144299,188.165715748734
800.0,1.0,0.169820504996837,190.266053451503
800.0,1.0,0.17853772809057,192.312450841587
800.0,1.0,0.187490936383791,194.30059118708
800.0,1.0,0.196685096815762,196.225193288419
800.0,1.0,0.20611510908551,198.083294902847
800.0,1.0,0.215761541373011,199.876165009642
800.0,1.0,0.225615814971487,201.601969715716
800.0,1.0,0.235676420359615,203.256233557334
800.0,1.0,0.245938933497536,204.834976500891
800.0,1.0,0.256396428802878,206.334729659634
800.0,1.0,0.267040643620824,207.752171013656
800.0,1.0,0.277862889834114,209.083770131597
800.0,1.0,0.288850659298578,210.327636992745
800.0,1.0,0.299979121178772,211.489798140339
800.0,1.0,0.311223226399286,212.578246978094
800.0,1.0,0.322572322467229,213.593211488918
800.0,1.0,0.334015188184714,214.535895142658
800.0,1.0,0.345531811148542,215.416270225203
800.0,1.0,0.357100856829579,216.248648685301
800.0,1.0,0.36871067207765,217.040897494269
800.0,1.0,0.38036127825613,217.789616102449
800.0,1.0,0.39207446112679,218.461501844861
800.0,1.0,0.403862243960689,219.023872080997
800.0,1.0,0.415707363786818,219.475563711873
800.0,1.0,0.427590811505189,219.820578338142
800.0,1.0,0.439492899273001,220.081009981749
800.0,1.0,0.451401816891014,220.277983921565
800.0,1.0,0.463312050124537,220.414734010265
800.0,1.0,0.47521986367696,220.502488120959
800.0,1.0,0.487124785281388,220.562047442855
800.0,1.0,0.499028026645507,220.608920159071
800.0,1.0,0.510929711995348,220.645522731565
800.0,1.0,0.522814430211725,220.604784487287
800.0,1.0,0.534664702651046,220.461661831746
800.0,1.0,0.546471823872128,220.226116589518
800.0,1.0,0.558236010300428,219.915587403469
800.0,1.0,0.56996583439464,219.552831025721
800.0,1.0,0.581663100024266,219.145040255864
800.0,1.0,0.593326307215562,218.69360778191
800.0,1.0,0.604951355253367,218.196750849231
800.0,1.0,0.616534190453726,217.653016584131
800.0,1.0,0.628072931614413,217.063389427819
800.0,1.0,0.639566441929283,216.429416799113
800.0,1.0,0.65102271226816,215.760469645689
800.0,1.0,0.662445898907209,215.061443615641
800.0,1.0,0.67383535060293,214.332727238484
800.0,1.0,0.68519502186882,213.578344300439
800.0,1.0,0.696533048066972,212.805313635964
800.0,1.0,0.707852828077792,212.016585858373
800.0,1.0,0.719153159257654,211.211452904267
800.0,1.0,0.730432233427353,210.388788531712
800.0,1.0,0.741686701635243,209.546401286596
800.0,1.0,0.752915156784044,208.683588393284
800.0,1.0,0.764125192485853,207.806034673233
800.0,1.0,0.775331655133102,206.924349372726
800.0,1.0,0.786545747850469,206.046484249405
800.0,1.0,0.797767980029848,205.172844070193
800.0,1.0,0.808971919349204,204.284670122159
800.0,1.0,0.820118519908044,203.355391821908
800.0,1.0,0.831194696037694,202.377905774665
800.0,1.0,0.842217257417087,201.364606764088
800.0,1.0,0.853266509832865,200.366345653589
800.0,1.0,0.864366170512343,199.398945524495
800.0,1.0,0.875515797831809,198.46326851517
800.0,1.0,0.886687572750156,197.541147016535
800.0,1.0,0.897871698596783,196.626030289991
800.0,1.0,0.909059776719105,195.712137140915
800.0,1.0,0.920261876177366,194.806586940151
800.0,1.0,0.93148050302225,193.911321598536
800.0,1.0,0.942718371718189,193.02846508806
800.0,1.0,0.953951240626287,192.140564277649
800.0,1.0,0.965145604646631,191.223714586809
800.0,1.0,0.976293105919178,190.27285947052
800.0,1.0,0.98743133072084,189.31407330414
800.0,1.0,0.998631844910283,188.397394308766
800.0,1.0,1.00990727122025,187.533759230465
800.0,1.0,1.02123357049514,186.707827785552
800.0,1.0,1.03253913246591,185.86432107324
800.0,1.0,1.04379117434395,184.978954492986
800.0,1.0,1.05499431781509,184.056608850274
800.0,1.0,1.06622063002902,183.149789003195
800.0,1.0,1.07753993041816,182.311989023383
800.0,1.0,1.08895593729001,181.55266693187
800.0,1.0,1.100428652417,180.842010745866
800.0,1.0,1.11192066255996,180.148278489486
800.0,1.0,1.12343180268387,179.471754165594
800.0,1.0,1.13493501960295,178.786566099788
800.0,1.0,1.14641457056745,178.078123841779
800.0,1.0,1.15782355954123,177.306471443543
800.0,1.0,1.16912027631355,176.44205054084
800.0,1.0,1.180312519476,175.524648742243
800.0,10.0,0.0,80.5601521319606
800.0,10.0,0.0017813046342595,83.8785863974715
800.0,10.0,0.0038653398471759,87.1891982312514
800.0,10.0,0.0059493750600923,90.5001975845521
800.0,10.0,0.0077620497969236,93.8218053012702
800.0,10.0,0.0095733812169732,97.1438323980239
800.0,10.0,0.0113882031600018,100.466213796001
800.0,10.0,0.0132157001038354,103.788932195751
800.0,10.0,0.015043197047669,107.112053537388
800.0,10.0,0.0169083050148554,110.434567781625
800.0,10.0,0.0188160124536815,113.756376991322
800.0,10.0,0.0207237198925075,117.078638270341
800.0,10.0,0.022706798811172,120.399198819404
800.0,10.0,0.0247123891644165,123.719617479853
800.0,10.0,0.026734457330617,127.040024664106
800.0,10.0,0.0288723468588507,130.357328847723
800.0,10.0,0.0310102363870845,133.675207274192
800.0,10.0,0.0332679372842258,136.989348887554
800.0,10.0,0.0356282398513509,140.3004454695
800.0,10.0,0.0379966992933902,143.611882943791
800.0,10.0,0.0406020978210463,146.914522428522
800.0,10.0,0.0432074963487023,150.217936145712
800.0,10.0,0.0459704563094594,153.515122533415
800.0,10.0,0.048833465164146,156.808729060212
800.0,10.0,0.051765195038713,160.0998740033
800.0,10.0,0.0548780370268213,163.383152450957
800.0,10.0,0.0579981068035751,166.667045392264
800.0,10.0,0.0613895703940207,169.937374533731
800.0,10.0,0.0647810339844663,173.208836091964
800.0,10.0,0.0684169565985602,176.467032222505
800.0,10.0,0.0720887419246473,179.724372000578
800.0,10.0,0.0760530553140695,182.963625605493
800.0,10.0,0.0800867826002806,186.1996964977
800.0,10.0,0.0845142089654826,189.407429563034
800.0,10.0,0.0890131295430571,192.611361052167
800.0,10.0,0.0940705863220267,195.767988889166
800.0,10.0,0.0992884942654319,198.910135821193
800.0,10.0,0.10495328956007,202.008703907034
800.0,10.0,0.111029614821825,205.060620767741
800.0,10.0,0.117410508761069,208.077508278624
800.0,10.0,0.124307110189042,211.026755456115
800.0,10.0,0.131631473574749,213.912191056163
800.0,10.0,0.139366293541404,216.731699191476
800.0,10.0,0.14755022538476,219.473572727177
800.0,10.0,0.156141413099303,222.137592354501
800.0,10.0,0.165012064129092,224.744623665336
800.0,10.0,0.174146016641418,227.294705776042
800.0,10.0,0.18355656052101,229.780919797123
800.0,10.0,0.193257593632057,232.195149389523
800.0,10.0,0.203259400628566,234.528943405047
800.0,10.0,0.213568035607188,236.773633797722
800.0,10.0,0.224192085927992,238.91796476957
800.0,10.0,0.235155748048993,240.942207670898
800.0,10.0,0.246487394839034,242.819355735456
800.0,10.0,0.258174853736366,244.533100619949
800.0,10.0,0.27015744508772,246.090926067707
800.0,10.0,0.282331208066381,247.534834975633
800.0,10.0,0.29462711352091,248.898680358397
800.0,10.0,0.307029116843789,250.186814481322
800.0,10.0,0.319516028210853,251.409833423236
800.0,10.0,0.332066658958491,252.580745299538
800.0,10.0,0.344671593563743,253.704452198165
800.0,10.0,0.357337821618541,254.769932365453
800.0,10.0,0.370117604510451,255.708945414318
800.0,10.0,0.382998585756162,256.508449306051
800.0,10.0,0.395955187465613,257.172585789817
800.0,10.0,0.408958595456569,257.724442089675
800.0,10.0,0.421988762718997,258.184715505771
800.0,10.0,0.435035215004515,258.55936545903
800.0,10.0,0.448088380919575,258.873337228197
800.0,10.0,0.461141826332388,259.185543173462
800.0,10.0,0.474194824979944,259.504780964725
800.0,10.0,0.487248073617771,259.820313089542
800.0,10.0,0.500302928334224,260.094447808965
800.0,10.0,0.513357114500079,260.307895751754
800.0,10.0,0.526405881180295,260.454654339124
800.0,10.0,0.539438980808976,260.509224062756
800.0,10.0,0.552446592419859,260.469050464407
800.0,10.0,0.56541996377025,260.335566694606
800.0,10.0,0.578346256864895,260.101944329099
800.0,10.0,0.591210528846365,259.760447331052
800.0,10.0,0.604004114177844,259.31531996606
800.0,10.0,0.616733414990261,258.786998402053
800.0,10.0,0.629442362994796,258.232588706376
800.0,10.0,0.642149721714692,257.674563639787
800.0,10.0,0.654858638091626,257.116598180865
800.0,10.0,0.667565174111379,256.554172521791
800.0,10.0,0.680262061508308,255.978955948913
800.0,10.0,0.692948511646449,255.3901690842
800.0,10.0,0.705625025342772,254.788503856544
800.0,10.0,0.718293360644619,254.176001564323
800.0,10.0,0.73095310005343,253.552286328373
800.0,10.0,0.743597393611835,252.910160385791
800.0,10.0,0.756184187685411,252.207041918438
800.0,10.0,0.768690411488236,251.424677960019
800.0,10.0,0.781116521262578,250.568772953294
800.0,10.0,0.793492775318282,249.668141701456
800.0,10.0,0.80586707190865,248.763437383041
800.0,10.0,0.818251658276712,247.864810577072
800.0,10.0,0.830646679207907,246.972488413385
800.0,10.0,0.843030567753821,246.06848699134
800.0,10.0,0.855390657719511,245.142440195108
800.0,10.0,0.867726805848229,244.194523097141
800.0,10.0,0.880026600009276,243.215251872107
800.0,10.0,0.892276863653292,242.195288647051
800.0,10.0,0.904476612143209,241.135030340781
800.0,10.0,0.916628450985238,240.037397986109
800.0,10.0,0.928737578313313,238.906896395274
800.0,10.0,0.940808048089021,237.746944686203
800.0,10.0,0.952845404882552,236.56173590189
800.0,10.0,0.964883553124257,235.374201433558
800.0,10.0,0.976979845884398,234.223598375784
800.0,10.0,0.989156665286623,233.127410421025
800.0,10.0,1.00141359145553,232.088324642518
800.0,10.0,1.01369857461489,231.068144838352
800.0,10.0,1.02596545004917,230.031468808994
800.0,10.0,1.03820670017153,228.972671906147
800.0,10.0,1.0504162793235,227.887556237291
800.0,10.0,1.06258067883685,226.766736851045
800.0,10.0,1.07470001483304,225.611094437839
800.0,10.0,1.08678453055873,224.428400036139
800.0,10.0,1.09886175755373,223.237947504002
800.0,10.0,1.11095192349592,222.053742523388
800.0,10.0,1.12306230293929,220.881002845521
800.0,10.0,1.13520471441598,219.728405792057
800.0,10.0,1.14738577297797,218.60129277256
800.0,10.0,1.15960905066037,217.503100308531
800.0,10.0,1.1718560710842,216.420515603748
800.0,10.0,1.18408011996633,215.318094730145
800.0,10.0,1.19626276608294,214.182347806361
800.0,10.0,1.20839978004556,213.010954228622
800.0,10.0,1.22046837654908,211.789057279731
800.0,10.0,1.23243944977303,210.499033127975
800.0,10.0,1.24431583545123,209.14548969401
800.0,10.0,1.25611226845926,207.739887609843
800.0,10.0,1.26734109125015,206.037313569797
800.0,10.0,1.27831512767912,204.203856456649
900.0,0.1,0.0,48.214147509094
900.0,0.1,0.001129966142683,49.8420503634515
900.0,0.1,0.002259932285366,51.4699941395068
900.0,0.1,0.0034784995372784,53.0968322169152
900.0,0.1,0.004740688220063,54.7231536349785
900.0,0.1,0.0060028769028476,56.3495242872938
900.0,0.1,0.0074085264588531,57.9738647339092
900.0,0.1,0.0088221935668897,59.5981476900111
900.0,0.1,0.0102835473048659,61.2217117563049
900.0,0.1,0.0118685836695256,62.8433245005095
900.0,0.1,0.0134536200341854,64.4650075344674
900.0,0.1,0.0151971513046528,66.08379855945
900.0,0.1,0.0170180405888903,67.7012265540745
900.0,0.1,0.0188761385890297,69.3179401050611
900.0,0.1,0.0209480138727365,70.9301538424083
900.0,0.1,0.0230198891564434,72.542469437388
900.0,0.1,0.0253032676817673,74.1496601238581
900.0,0.1,0.0276721293236506,75.754857022484
900.0,0.1,0.0301559237075471,77.3569231684624
900.0,0.1,0.0328308529826098,78.9537166565753
900.0,0.1,0.0355481620099758,80.5492966178618
900.0,0.1,0.0385297742249377,82.1365743678684
900.0,0.1,0.0415113864398996,83.7240163396174
900.0,0.1,0.0448171972664987,85.2999860788162
900.0,0.1,0.0481236913416162,86.8761186490681
900.0,0.1,0.0517585856626611,88.4392477575176
900.0,0.1,0.0554128643713846,90.0017886822286
900.0,0.1,0.059452236041401,91.5471939433537
900.0,0.1,0.0635577513896875,93.0894991215585
900.0,0.1,0.0679958904585541,94.6152682846432
900.0,0.1,0.0725816392871877,96.1330690299768
900.0,0.1,0.0773760219310294,97.6395145842541
900.0,0.1,0.0823937270904191,99.1327335102064
900.0,0.1,0.0875314993690923,100.618789352956
900.0,0.1,0.092944108461733,102.087202982062
900.0,0.1,0.0985516793312494,103.542174915702
900.0,0.1,0.104332973737062,104.984999814602
900.0,0.1,0.110441013853659,106.403127850959
900.0,0.1,0.116758330424703,107.804327171479
900.0,0.1,0.123273689210479,109.188936299396
900.0,0.1,0.130017294135439,110.553659905147
900.0,0.1,0.137086600636585,111.887603775993
900.0,0.1,0.144410946425972,113.19563447254
900.0,0.1,0.152008627317694,114.474357709518
900.0,0.1,0.159894275369592,115.720278206766
900.0,0.1,0.168077715928291,116.929919200531
900.0,0.1,0.176567783199504,118.099390427111
900.0,0.1,0.185410345568455,119.218375594612
900.0,0.1,0.194602039258648,120.282255229338
900.0,0.1,0.204217473632282,121.27127514486
900.0,0.1,0.214347450802384,122.154476671013
900.0,0.1,0.224978756437669,122.913444226113
900.0,0.1,0.236089454159342,123.520658949621
900.0,0.1,0.24759835556116,123.950381226544
900.0,0.1,0.259364996377533,124.181656427514
900.0,0.1,0.271212924661237,124.207751601347
900.0,0.1,0.282977814805658,124.050675550548
900.0,0.1,0.294538448256863,123.727256204357
900.0,0.1,0.305795615355049,123.249743036625
900.0,0.1,0.316679660633256,122.632579984847
900.0,0.1,0.327176088599665,121.899509995593
900.0,0.1,0.337292559029949,121.070516145015
900.0,0.1,0.346989059238192,120.150929451982
900.0,0.1,0.356543140117773,119.202819411153
900.0,0.1,0.366023198911451,118.239869147315
900.0,0.1,0.375460490648749,117.268281605382
900.0,0.1,0.38485766142857,116.288632356705
900.0,0.1,0.394218025723203,115.301567642055
900.0,0.1,0.403601065118564,114.318006085235
900.0,0.1,0.413059448240018,113.347878865188
900.0,0.1,0.422634334555986,112.399197025602
900.0,0.1,0.432341497203931,111.475835294147
900.0,0.1,0.442195930298797,110.582163499397
900.0,0.1,0.4521770375131,109.715275919986
900.0,0.1,0.462332542140429,108.887702441295
900.0,0.1,0.472680234231796,108.106096790187
900.0,0.1,0.48320807393726,107.37085134629
900.0,0.1,0.493904819385658,106.682700756052
900.0,0.1,0.504769305517743,106.045281907678
900.0,0.1,0.515758990758528,105.44902383694
900.0,0.1,0.526853375262948,104.889826478445
900.0,0.1,0.538053529846392,104.371134279629
900.0,0.1,0.549352972310885,103.893902514651
900.0,0.1,0.560726543843137,103.450199993029
900.0,0.1,0.572140190807111,103.025624426076
900.0,0.1,0.583591623700367,102.619968198638
900.0,0.1,0.595074996509684,102.231024822288
900.0,0.1,0.606590602854388,101.859740880944
900.0,0.1,0.618126234650162,101.499789885188
900.0,0.1,0.629680757622527,101.150892215541
900.0,0.1,0.641259811572384,100.816954903977
900.0,0.1,0.652861576355565,100.497590500548
900.0,0.1,0.664502281910201,100.205139507928
900.0,0.1,0.676192888862331,99.9509745201431
900.0,0.1,0.687929933744665,99.7382217787227
900.0,0.1,0.699702113063122,99.5617607168477
900.0,0.1,0.711476031854602,99.387044034737
900.0,0.1,0.723229898793531,99.1901944994421
900.0,0.1,0.734961627051644,98.9711490327037
900.0,0.1,0.74668335641783,98.7425176856584
900.0,0.1,0.758423306741706,98.5310501173197
900.0,0.1,0.770194428117631,98.3524951919466
900.0,0.1,0.781990422174719,98.2046638131165
900.0,0.1,0.793802011529876,98.0791828451721
900.0,0.1,0.805622266761162,97.9676977739709
900.0,0.1,0.817448568452808,97.866977150484
900.0,0.1,0.829279740583454,97.7756232277879
900.0,0.1,0.841116363837375,97.695861331644
900.0,0.1,0.852958821576163,97.6302495036921
900.0,0.1,0.864807480010471,97.5828970583287
900.0,0.1,0.876661138021449,97.5540184987926
900.0,0.1,0.888518102906956,97.5429705796373
900.0,0.1,0.900377543193691,97.5623885268725
900.0,0.1,0.912236295949109,97.6080491893943
900.0,0.1,0.924094659126361,97.6578437402198
900.0,0.1,0.935953007524159,97.7078513254061
900.0,0.1,0.947811168713105,97.7595806538502
900.0,0.1,0.959668703432208,97.816366749587
900.0,0.1,0.971526255700827,97.8730978496092
900.0,0.1,0.983383398429668,97.932725728159
900.0,0.1,0.995240511796783,97.9926496468054
900.0,0.1,1.00709720768808,98.055377202659
900.0,0.1,1.01895099381896,98.1324614641669
900.0,0.1,1.03080113920878,98.2245175590933
900.0,0.1,1.04264555304332,98.3341621848005
900.0,0.1,1.05446886556677,98.4886081201094
900.0,0.1,1.06625176736513,98.7025279687953
900.0,0.1,1.07799931768116,98.9573572617378
900.0,0.1,1.08978596168004,99.1675120147373
900.0,0.1,1.10160763623258,99.326025547934
900.0,0.1,1.11342720457727,99.4890501908441
900.0,0.1,1.12522876770995,99.6807008854407
900.0,0.1,1.13702960283003,99.873242321568
900.0,0.1,1.14885802614698,100.019449753334
900.0,0.1,1.16066072684459,100.034727703503
900.0,1.0,0.0,54.5378855094789
900.0,1.0,0.0012439904169348,56.6615869834869
900.0,1.0,0.0025189844377921,58.7848299418031
900.0,1.0,0.0038732337349382,60.9067799582439
900.0,1.0,0.0052274830320843,63.0288292637584
900.0,1.0,0.0066638410909793,65.149421904479
900.0,1.0,0.0081373394193271,67.2694245159512
900.0,1.0,0.0096299996439736,69.3891455088764
900.0,1.0,0.0112428055869194,71.5064983981289
900.0,1.0,0.0128556115298652,73.6239877231844
900.0,1.0,0.0145720875491749,75.7392423248846
900.0,1.0,0.0163484984807713,77.8532816353273
900.0,1.0,0.0181613231242656,79.9665513208838
900.0,1.0,0.0201354652211647,82.0758797269135
900.0,1.0,0.0221096073180637,84.185395942664
900.0,1.0,0.0242891570205714,86.2891613831363
900.0,1.0,0.0265204750781499,88.3916496265112
900.0,1.0,0.0288989566320175,90.4894904521399
900.0,1.0,0.031429480742227,92.5825530769243
900.0,1.0,0.0340429687621936,94.6727601134735
900.0,1.0,0.0368774951238352,96.7549469577663
900.0,1.0,0.0397580390942053,98.8354860079885
900.0,1.0,0.0429199063734818,100.904405503833
900.0,1.0,0.0461118411663375,102.972256309355
900.0,1.0,0.0495776814054349,105.02751956236
900.0,1.0,0.0530907969885667,107.080700000148
900.0,1.0,0.0568872757517678,109.119423558117
900.0,1.0,0.0607867008777776,111.152568779166
900.0,1.0,0.0649586034387752,113.170242749055
900.0,1.0,0.0693396752866418,115.174693405522
900.0,1.0,0.0739332490542064,117.165745976121
900.0,1.0,0.0788056378318883,119.137190427212
900.0,1.0,0.083804310351123,121.099731724718
900.0,1.0,0.0890566135362618,123.043000774252
900.0,1.0,0.0945424981568659,124.966956931545
900.0,1.0,0.100219106426864,126.874829378003
900.0,1.0,0.106242791737588,128.750871224353
900.0,1.0,0.112522567448671,130.60147756559
900.0,1.0,0.119034534611255,132.427964556333
900.0,1.0,0.125806368854274,134.226297802953
900.0,1.0,0.132993392591002,135.974785539532
900.0,1.0,0.140469742676945,137.685460532708
900.0,1.0,0.14819000630752,139.363049663931
900.0,1.0,0.156106362731837,141.012961045417
900.0,1.0,0.164184293064162,142.639250267703
900.0,1.0,0.172428453166701,144.240244348683
900.0,1.0,0.180874427566454,145.808769941823
900.0,1.0,0.189582349021618,147.331931958257
900.0,1.0,0.198581242089147,148.800790257606
900.0,1.0,0.207897315327185,150.205297427685
900.0,1.0,0.217521442820309,151.541717140043
900.0,1.0,0.227380947569461,152.822291735787
900.0,1.0,0.237424258232444,154.056298722257
900.0,1.0,0.247640334611155,155.243662988953
900.0,1.0,0.2580361188244,156.379046885335
900.0,1.0,0.268633239368893,157.451218990513
900.0,1.0,0.279437234783388,158.452182394755
900.0,1.0,0.290450188839744,159.372841106611
900.0,1.0,0.301640697411329,160.216696550216
900.0,1.0,0.312987149275773,160.984441486763
900.0,1.0,0.324476219853987,161.672796177331
900.0,1.0,0.336107053700958,162.267413309611
900.0,1.0,0.347876521676517,162.748294328728
900.0,1.0,0.359749361308149,163.115567114864
900.0,1.0,0.371687283283836,163.376712196863
900.0,1.0,0.383655574341948,163.552595824739
900.0,1.0,0.395633863612898,163.657341830672
900.0,1.0,0.407609489262368,163.692427254818
900.0,1.0,0.419571009817303,163.660243792801
900.0,1.0,0.431508441120737,163.563858636765
900.0,1.0,0.443401958765559,163.389765202764
900.0,1.0,0.455196237043708,163.095121890203
900.0,1.0,0.466823203560476,162.655229269085
900.0,1.0,0.478281730186831,162.101310631283
900.0,1.0,0.489697376618028,161.520403577376
900.0,1.0,0.501125697938872,160.946005863178
900.0,1.0,0.512560482443553,160.374563631336
900.0,1.0,0.523861991872002,159.728476951557
900.0,1.0,0.534986365635553,158.994415260695
900.0,1.0,0.545940169575989,158.184531388209
900.0,1.0,0.556844229473547,157.352996960222
900.0,1.0,0.567758586879168,156.52453755317
900.0,1.0,0.578684625981826,155.699769139052
900.0,1.0,0.589591916999463,154.866235698472
900.0,1.0,0.600420075385402,154.000154133753
900.0,1.0,0.611156542051301,153.097817072766
900.0,1.0,0.621814282002175,152.165275273051
900.0,1.0,0.632456239295594,151.225764052582
900.0,1.0,0.643129802733415,150.296541418806
900.0,1.0,0.653844688712999,149.381376524033
900.0,1.0,0.664605163528048,148.482200384387
900.0,1.0,0.675412137484404,147.599744661819
900.0,1.0,0.686261788749549,146.732946158858
900.0,1.0,0.697156136357554,145.883015929181
900.0,1.0,0.708099026915746,145.052021253003
900.0,1.0,0.719100478201684,144.244821413702
900.0,1.0,0.730163884303178,143.463772982546
900.0,1.0,0.741262947866424,142.697862925898
900.0,1.0,0.752349984198097,141.925541546773
900.0,1.0,0.763422363303522,141.145661326225
900.0,1.0,0.774521751312767,140.377332712793
900.0,1.0,0.785782242618834,139.686290703367
900.0,1.0,0.797220998056089,139.092284107624
900.0,1.0,0.808729984680562,138.540715235204
900.0,1.0,0.820194561819003,137.960698429742
900.0,1.0,0.831620367790329,137.356599698625
900.0,1.0,0.843049796055085,136.754011740155
900.0,1.0,0.854523753969224,136.17769624394
900.0,1.0,0.866044525067165,135.630403140924
900.0,1.0,0.877603538994267,135.107884902166
900.0,1.0,0.88919761217295,134.609241319683
900.0,1.0,0.900816262000143,134.127788505605
900.0,1.0,0.912431727999484,133.64341173684
900.0,1.0,0.924036669450991,133.150781674629
900.0,1.0,0.935644499613767,132.659724823128
900.0,1.0,0.947272123830982,132.182733572306
900.0,1.0,0.958916726585898,131.718124594803
900.0,1.0,0.970577096234319,131.265266986262
900.0,1.0,0.9822466805144,130.819229546084
900.0,1.0,0.993912452640064,130.369653176865
900.0,1.0,1.0055634157928,129.907911153123
900.0,1.0,1.01722289704695,129.452897732332
900.0,1.0,1.0289698521516,129.073906692823
900.0,1.0,1.04081573331673,128.800197171809
900.0,1.0,1.0526773571469,128.543537993379
900.0,1.0,1.06448331321411,128.220798362682
900.0,1.0,1.07624005768346,127.847691516989
900.0,1.0,1.08795540815861,127.43638140729
900.0,1.0,1.09965152030347,127.007888649066
900.0,1.0,1.11140138448498,126.627309370776
900.0,1.0,1.12321446805614,126.310480777784
900.0,1.0,1.13504559715682,126.013507060981
900.0,1.0,1.14686186596221,125.699256368496
900.0,1.0,1.15865206553683,125.356683345256
900.0,1.0,1.17041295588771,124.984487730041
900.0,1.0,1.18189685360034,124.43350321197
900.0,10.0,0.0,69.8257771624007
900.0,10.0,0.0013034875602447,72.4936558131975
900.0,10.0,0.0026534328347702,75.1608205001601
900.0,10.0,0.0040033781092958,77.8281587041032
900.0,10.0,0.0054999296655236,80.4925413393054
900.0,10.0,0.0070197086337983,83.1566372788647
900.0,10.0,0.0085625646569679,85.8203885180192
900.0,10.0,0.0102712089240705,88.4803790610791
900.0,10.0,0.0119798531911731,91.1406253473395
900.0,10.0,0.0137791316870485,93.7986781773235
900.0,10.0,0.0156917008677285,96.4539611665968
900.0,10.0,0.0176042700484085,99.1095495920006
900.0,10.0,0.0196881404314665,101.760309743313
900.0,10.0,0.0218058602225818,104.410409659847
900.0,10.0,0.0239737813208309,107.059246629971
900.0,10.0,0.0262605182527712,109.70463666405
900.0,10.0,0.0285472551847115,112.350435210616
900.0,10.0,0.0309762562657779,114.991716104583
900.0,10.0,0.0334331553680839,117.63248746059
900.0,10.0,0.0359972281007172,120.269590105468
900.0,10.0,0.0386891792510826,122.902274475359
900.0,10.0,0.0414435931146606,125.532706883946
900.0,10.0,0.0445130462476877,128.149705513361
900.0,10.0,0.0475824993807148,130.767327014441
900.0,10.0,0.0510830944609522,133.363266452502
900.0,10.0,0.0545911880967565,135.959550012026
900.0,10.0,0.0584061596023442,138.538709660028
900.0,10.0,0.0622501608735639,141.117001422742
900.0,10.0,0.0662814086611349,143.68461866509
900.0,10.0,0.0703306135959352,146.252005575829
900.0,10.0,0.0745763965145247,148.807521051578
900.0,10.0,0.0789125274348706,151.357273126688
900.0,10.0,0.0836651483762628,153.877063465123
900.0,10.0,0.0887404487284503,156.369525557231
900.0,10.0,0.0942244134147414,158.82720533896
900.0,10.0,0.100488098783596,161.201939714401
900.0,10.0,0.107098486457349,163.537184734372
900.0,10.0,0.114050580177286,165.830697315164
900.0,10.0,0.121378181285392,168.073437373439
900.0,10.0,0.128966744344167,170.278338353514
900.0,10.0,0.136811952184373,172.444697012183
900.0,10.0,0.144894126641587,174.573703020924
900.0,10.0,0.153258672098769,176.654877510363
900.0,10.0,0.161882423338679,178.689025925719
900.0,10.0,0.170757263147063,180.674858739658
900.0,10.0,0.179893789987347,182.60706138699
900.0,10.0,0.189315005110899,184.476437788124
900.0,10.0,0.199061589438728,186.267557144459
900.0,10.0,0.209176480192074,187.960904058261
900.0,10.0,0.219664882629604,189.543223447672
900.0,10.0,0.230497322371013,191.010142094079
900.0,10.0,0.241625864113141,192.36477500209
900.0,10.0,0.252969378635521,193.629514027112
900.0,10.0,0.264356554186143,194.876480404968
900.0,10.0,0.275693949454013,196.148694166283
900.0,10.0,0.287049965199086,197.414452425799
900.0,10.0,0.29856914658759,198.602982159623
900.0,10.0,0.310294133066044,199.682849469399
900.0,10.0,0.322226262109299,200.634442551576
900.0,10.0,0.334353830083424,201.438981851894
900.0,10.0,0.346622970343897,202.110255100457
900.0,10.0,0.358891015499852,202.785396983509
900.0,10.0,0.371131954116443,203.490804110564
900.0,10.0,0.383405186186457,204.161034964781
900.0,10.0,0.395767220412409,204.720271220795
900.0,10.0,0.408196262613726,205.170387763553
900.0,10.0,0.420659264024301,205.546735517442
900.0,10.0,0.43314063426144,205.868475516835
900.0,10.0,0.445637512428887,206.119362725733
900.0,10.0,0.458141947185731,206.278023268166
900.0,10.0,0.470643219054132,206.365516231566
900.0,10.0,0.483142370338932,206.4348897024
900.0,10.0,0.495643201514355,206.517254843634
900.0,10.0,0.508145378584091,206.611857647132
900.0,10.0,0.520648499113259,206.716822056092
900.0,10.0,0.533149804431354,206.807936154459
900.0,10.0,0.545627095255087,206.787531776952
900.0,10.0,0.558049422970372,206.628532166748
900.0,10.0,0.57043893866906,206.407470201016
900.0,10.0,0.582848887131362,206.221628488184
900.0,10.0,0.595283751760972,206.083030980602
900.0,10.0,0.60769243092723,205.89449595472
900.0,10.0,0.620034571023933,205.601734737839
900.0,10.0,0.632306844215275,205.220299418255
900.0,10.0,0.64452887469827,204.783238026107
900.0,10.0,0.656698430379206,204.293181843583
900.0,10.0,0.668799910557986,203.740491986507
900.0,10.0,0.680824175458307,203.122495080033
900.0,10.0,0.692808701738861,202.471838090761
900.0,10.0,0.704841340175237,201.857857087502
900.0,10.0,0.716957802960628,201.31309297957
900.0,10.0,0.729109801631824,200.798849286049
900.0,10.0,0.741226986338034,200.251917309102
900.0,10.0,0.753287589364948,199.655550233486
900.0,10.0,0.765266581045064,198.993521843006
900.0,10.0,0.77715515551853,198.264236489811
900.0,10.0,0.789010287746178,197.510125101423
900.0,10.0,0.800928813424343,196.799193281084
900.0,10.0,0.812930246846096,196.148647290373
900.0,10.0,0.824927230053086,195.493030907295
900.0,10.0,0.836838209038434,194.772431403244
900.0,10.0,0.848653144933945,193.984309724408
900.0,10.0,0.860392646818482,193.146090821279
900.0,10.0,0.872064291509935,192.264801493228
900.0,10.0,0.883686194932394,191.352583409675
900.0,10.0,0.895287294353375,190.426666057418
900.0,10.0,0.906877198030001,189.492618770944
900.0,10.0,0.91846375129068,188.554912672258
900.0,10.0,0.930056983353656,187.619245008075
900.0,10.0,0.941667192104389,186.691585118548
900.0,10.0,0.953317344011705,185.785545790001
900.0,10.0,0.96501838655348,184.90838472678
900.0,10.0,0.976767481501735,184.059438019834
900.0,10.0,0.988559175073456,183.236244746701
900.0,10.0,1.00039342723645,182.439763119828
900.0,10.0,1.0123212079197,181.707766435919
900.0,10.0,1.02436285048804,181.062469470165
900.0,10.0,1.03640618627527,180.419099043651
900.0,10.0,1.04825204614503,179.628503772061
900.0,10.0,1.0598627730423,178.687959517077
900.0,10.0,1.07128705298795,177.642194889249
900.0,10.0,1.08256670767007,176.521624557533
900.0,10.0,1.09372674095508,175.342394669046
900.0,10.0,1.10480943135837,174.125906035942
900.0,10.0,1.1158498637231,172.888673632229
900.0,10.0,1.12689583720203,171.651868913617
900.0,10.0,1.13807997487295,170.477025941719
900.0,10.0,1.14954798728305,169.442993652853
900.0,10.0,1.16131922394691,168.585300903959
900.0,10.0,1.1733408917539,167.905396294169
900.0,10.0,1.18550345753255,167.346216193807
900.0,10.0,1.19753131209656,166.672694581126
900.0,10.0,1.20931867575484,165.819831714824
900.0,10.0,1.22086036068624,164.852902497189
1000.0,0.1,0.0,34.9148356942663
1000.0,0.1,0.0011032421521857,35.9973556105874
1000.0,0.1,0.0022064843043715,37.0798952548629
1000.0,0.1,0.0033882811497891,38.1617644987703
1000.0,0.1,0.0046545681983621,39.2429144557574
1000.0,0.1,0.0059208552469351,40.3240885397461
1000.0,0.1,0.0073312609061689,41.4038465864009
1000.0,0.1,0.0087603009013821,42.4834470053868
1000.0,0.1,0.0102582504119357,43.5622902237285
1000.0,0.1,0.0118879411693962,44.6396634296887
1000.0,0.1,0.0135176319268568,45.7170713177949
1000.0,0.1,0.0153374168294815,46.7920389516725
1000.0,0.1,0.017186317320404,47.8666683427521
1000.0,0.1,0.0191650727534958,48.9393896104493
1000.0,0.1,0.0212942867564224,50.009899522553
1000.0,0.1,0.0234658590358843,51.0797277597375
1000.0,0.1,0.0258814963775366,52.1453972716564
1000.0,0.1,0.0282971337191888,53.2111251657646
1000.0,0.1,0.0310207797270427,54.2708175069679
1000.0,0.1,0.033770647954466,55.3300592778465
1000.0,0.1,0.0367776543773222,56.3835854612282
1000.0,0.1,0.0398515730705459,57.435684344661
1000.0,0.1,0.0431335958049907,58.4826655508947
1000.0,0.1,0.0464822103198925,59.5280709950417
1000.0,0.1,0.0500512161821632,60.5675408895078
1000.0,0.1,0.0536752875994813,61.605602481393
1000.0,0.1,0.0575558785737403,62.636123771649
1000.0,0.1,0.061493646202129,63.6649548183314
1000.0,0.1,0.0657161868843779,64.6846318931858
1000.0,0.1,0.0700542161607818,65.70032926429
1000.0,0.1,0.074587435225562,66.7092261318179
1000.0,0.1,0.0793160869319893,67.7107692650959
1000.0,0.1,0.0841559282443899,68.708105326874
1000.0,0.1,0.0892651745518682,69.6944805491735
1000.0,0.1,0.0945485212651714,70.6732654664808
1000.0,0.1,0.0999939595754324,71.6449269735732
1000.0,0.1,0.105744853902613,72.602093274246
1000.0,0.1,0.111703184427148,73.5486884779729
1000.0,0.1,0.117854854017272,74.4851807376737
1000.0,0.1,0.124220446328449,75.4099873946982
1000.0,0.1,0.130860952040202,76.3186854305038
1000.0,0.1,0.137726060912097,77.213405655518
1000.0,0.1,0.144836626137761,78.0921095840145
1000.0,0.1,0.152241563716446,78.9502715000543
1000.0,0.1,0.16007333779503,79.7763486171236
1000.0,0.1,0.168477573272895,80.5536910214141
1000.0,0.1,0.177453850310507,81.2745196484113
1000.0,0.1,0.187020847982851,81.9270701208471
1000.0,0.1,0.197213941467564,82.4921106227327
1000.0,0.1,0.208304909897659,82.8804197324108
1000.0,0.1,0.219996891186789,83.0448553075046
1000.0,0.1,0.231761018006075,82.981078290806
1000.0,0.1,0.243184757188865,82.7245128575502
1000.0,0.1,0.254068446299468,82.3166230690234
1000.0,0.1,0.264360877136719,81.7944530523079
1000.0,0.1,0.273952578445269,81.1701983972695
1000.0,0.1,0.283051463475746,80.487054331902
1000.0,0.1,0.291775877075427,79.7628735180648
1000.0,0.1,0.300193851372175,79.0073913446007
1000.0,0.1,0.308738167021666,78.2637561340005
1000.0,0.1,0.317457088949993,77.5375591458793
1000.0,0.1,0.326363487526426,76.8306289556652
1000.0,0.1,0.335474210896475,76.1456978510988
1000.0,0.1,0.34484847353774,75.4914056232135
1000.0,0.1,0.354439972828263,74.8643850751894
1000.0,0.1,0.364266370353329,74.268844166769
1000.0,0.1,0.374338985931234,73.7088510214128
1000.0,0.1,0.384664554084677,73.1888256301347
1000.0,0.1,0.395257266777499,72.7156402324212
1000.0,0.1,0.406100118258189,72.292145556005
1000.0,0.1,0.417150740168517,71.9159728923578
1000.0,0.1,0.428378153105507,71.5861671104767
1000.0,0.1,0.439741721227182,71.2973460853654
1000.0,0.1,0.451220855259917,71.0487678076625
1000.0,0.1,0.462744018853795,70.8171867348343
1000.0,0.1,0.474260889444854,70.5829339939295
1000.0,0.1,0.485767963987415,70.3446593102932
1000.0,0.1,0.497262636638119,70.1014267109068
1000.0,0.1,0.50872509214362,69.8459586379598
1000.0,0.1,0.520125133792869,69.5682935010473
1000.0,0.1,0.531456109297741,69.2679807647646
1000.0,0.1,0.542718492062229,68.9467113170065
1000.0,0.1,0.553952198312556,68.6170320756768
1000.0,0.1,0.565233429382763,68.3010465017253
1000.0,0.1,0.57657295394876,68.0027966384062
1000.0,0.1,0.587964321729457,67.7212958515458
1000.0,0.1,0.599398043394069,67.4543325659412
1000.0,0.1,0.610880736578665,67.2052452088031
1000.0,0.1,0.622407174293124,66.973420994375
1000.0,0.1,0.633982853039889,66.7625832487324
1000.0,0.1,0.645594382963684,66.5684518633023
1000.0,0.1,0.65723192963942,66.3873217915221
1000.0,0.1,0.668890098517034,66.2172940185967
1000.0,0.1,0.680568762171571,66.0589556295048
1000.0,0.1,0.692254132380795,65.9045288286719
1000.0,0.1,0.703938074780834,65.7491648549879
1000.0,0.1,0.715622137106065,65.5938062161503
1000.0,0.1,0.727316508884826,65.4447950612888
1000.0,0.1,0.739037791352235,65.313849857265
1000.0,0.1,0.750775983615427,65.1955233802321
1000.0,0.1,0.762524978786379,65.0859830735512
1000.0,0.1,0.774284560366082,64.9857370942511
1000.0,0.1,0.78605409802257,64.8950099308145
1000.0,0.1,0.797832755866329,64.8138672246614
1000.0,0.1,0.809608622152938,64.7295926048659
1000.0,0.1,0.821364210591531,64.6256659326605
1000.0,0.1,0.833101680891531,64.5064519338118
1000.0,0.1,0.844847148055552,64.3941222309365
1000.0,0.1,0.856621837300587,64.3092749769406
1000.0,0.1,0.86841569629314,64.2470345741597
1000.0,0.1,0.880212324360699,64.1884255763553
1000.0,0.1,0.892005707767845,64.1251460813346
1000.0,0.1,0.903802895572448,64.0677403792616
1000.0,0.1,0.915613798793362,64.0382340085215
1000.0,0.1,0.927433008807212,64.0443584066773
1000.0,0.1,0.939252684494942,64.0597622774924
1000.0,0.1,0.951071230560434,64.0553126534396
1000.0,0.1,0.962886589141065,64.0354101919009
1000.0,0.1,0.974701861963619,64.015020622634
1000.0,0.1,0.986519455265164,64.0035059700747
1000.0,0.1,0.998337723574312,63.9954940629572
1000.0,0.1,1.01015636099955,63.9895244017776
1000.0,0.1,1.0219753855503,63.9863344239465
1000.0,0.1,1.03379316425774,63.9759892196882
1000.0,0.1,1.04560910470479,63.9579660900271
1000.0,0.1,1.05742614815419,63.9473591467539
1000.0,0.1,1.06924212755217,63.9787902515444
1000.0,0.1,1.08105320065417,64.0105829865645
1000.0,0.1,1.09281298227067,63.9188095636062
1000.0,0.1,1.10453520317594,63.7881540387639
1000.0,0.1,1.11633359606076,63.7859887170895
1000.0,0.1,1.12811151251656,63.8888510900417
1000.0,0.1,1.13992459485263,63.9208392818193
1000.0,0.1,1.15171219078448,63.8611929654568
1000.0,0.1,1.16319028262311,63.6259110009422
1000.0,1.0,0.0,40.0656765035933
1000.0,1.0,0.0009771857277222,41.6597507908328
1000.0,1.0,0.0019937533004154,43.2534745901902
1000.0,1.0,0.0030103208731085,44.8472389165044
1000.0,1.0,0.0041126613749707,46.4401119478213
1000.0,1.0,0.0052339862820704,48.0328265556087
1000.0,1.0,0.0063736814316918,49.6253646342557
1000.0,1.0,0.0076388819370719,51.2164194336718
1000.0,1.0,0.008904082442452,52.8075332361843
1000.0,1.0,0.0102647990433443,54.3973582598691
1000.0,1.0,0.0117267953010893,55.985823487627
1000.0,1.0,0.0131887915588343,57.57436160391
1000.0,1.0,0.0148581912375237,59.1595726758503
1000.0,1.0,0.0165492122866126,60.744518036024
1000.0,1.0,0.0183423178640544,62.327607726131
1000.0,1.0,0.0202895165954843,63.9078641844151
1000.0,1.0,0.0222367153269142,65.4882293838811
1000.0,1.0,0.0244539292840983,67.0627694724758
1000.0,1.0,0.0266787799550648,68.6372717528125
1000.0,1.0,0.0290890261221878,70.2072364056249
1000.0,1.0,0.0316066007712461,71.7746482265003
1000.0,1.0,0.0342377137081367,73.3389755955556
1000.0,1.0,0.0370511857795968,74.8982726803194
1000.0,1.0,0.0399266009876172,76.4557804654894
1000.0,1.0,0.0430152686768816,78.0067070184722
1000.0,1.0,0.0461528197331134,79.5561046621175
1000.0,1.0,0.0495667398514789,81.0959312637172
1000.0,1.0,0.0530410713510259,82.6335910977298
1000.0,1.0,0.0568169279907418,84.1595340278854
1000.0,1.0,0.0607014540214117,85.680902060041
1000.0,1.0,0.0648691985063926,87.1899483353298
1000.0,1.0,0.069216028566959,88.6904243648378
1000.0,1.0,0.07375628995229,90.1816431036555
1000.0,1.0,0.0785460095897815,91.6596777944598
1000.0,1.0,0.0834537084897535,93.131468832937
1000.0,1.0,0.0886575299983783,94.5861721609158
1000.0,1.0,0.094075927539662,96.0274146190162
1000.0,1.0,0.0996887435293813,97.4563913650581
1000.0,1.0,0.105692284350473,98.8580762096589
1000.0,1.0,0.111942828966721,100.240974682503
1000.0,1.0,0.118435992761355,101.60484506217
1000.0,1.0,0.125205895979347,102.94573298803
1000.0,1.0,0.132323152272458,104.255099276582
1000.0,1.0,0.139727974621754,105.536312495633
1000.0,1.0,0.147446283795573,106.784853041822
1000.0,1.0,0.15549674150447,107.996313047809
1000.0,1.0,0.163873213795531,109.168617190442
1000.0,1.0,0.172497468438768,110.309081756401
1000.0,1.0,0.181367098423935,111.415887615941
1000.0,1.0,0.190469289454664,112.488694630933
1000.0,1.0,0.199814570614948,113.523569589575
1000.0,1.0,0.209404783079346,114.517495297636
1000.0,1.0,0.219237719566818,115.467749231465
1000.0,1.0,0.2293097356931,116.371495558139
1000.0,1.0,0.239621853274058,117.224374839589
1000.0,1.0,0.250168825897721,118.022720418136
1000.0,1.0,0.260963123295906,118.757074063122
1000.0,1.0,0.272043671765192,119.406073630239
1000.0,1.0,0.28339618005696,119.957408807768
1000.0,1.0,0.294975019541678,120.406498860716
1000.0,1.0,0.306725760724202,120.753203274107
1000.0,1.0,0.318596561558625,120.997095895138
1000.0,1.0,0.33053881456807,121.131667334666
1000.0,1.0,0.34249970340031,121.157829736029
1000.0,1.0,0.354427015841817,121.080703008112
1000.0,1.0,0.366257496586051,120.887876455149
1000.0,1.0,0.377949827378389,120.590599358433
1000.0,1.0,0.389470119981622,120.198266320735
1000.0,1.0,0.400798907286576,119.720988006938
1000.0,1.0,0.411956722674386,119.178757283866
1000.0,1.0,0.422962544433203,118.584824760193
1000.0,1.0,0.433809996207866,117.941732653068
1000.0,1.0,0.444501720535266,117.253902121827
1000.0,1.0,0.455056721974221,116.52911413471
1000.0,1.0,0.46553012534742,115.782791310575
1000.0,1.0,0.475964793966109,115.026168006903
1000.0,1.0,0.486375729632804,114.263050575787
1000.0,1.0,0.496764374502815,113.493835735579
1000.0,1.0,0.507137567385143,112.720206680619
1000.0,1.0,0.517536341059874,111.951998075727
1000.0,1.0,0.527970713740599,111.1917502044
1000.0,1.0,0.538443248844813,110.440247639887
1000.0,1.0,0.548949279545779,109.696457070065
1000.0,1.0,0.559497394711786,108.962730947666
1000.0,1.0,0.570091829237643,108.240352439458
1000.0,1.0,0.580735096794388,107.530270525677
1000.0,1.0,0.591432634063625,106.834244694042
1000.0,1.0,0.602183941315917,106.152537924895
1000.0,1.0,0.612995274433914,105.4873456389
1000.0,1.0,0.623865373994075,104.838833767978
1000.0,1.0,0.634797150707404,104.208451450838
1000.0,1.0,0.645791820849355,103.597254251901
1000.0,1.0,0.656874979017673,103.014584034959
1000.0,1.0,0.668034063851181,102.457675140277
1000.0,1.0,0.679272849583882,101.92937430216
1000.0,1.0,0.690578721884149,101.426457102733
1000.0,1.0,0.701961416585435,100.95454790282
1000.0,1.0,0.713409268405361,100.510643168512
1000.0,1.0,0.724915574191581,100.093514939804
1000.0,1.0,0.736422127434179,99.67612554162
1000.0,1.0,0.747906374570098,99.2477847893236
1000.0,1.0,0.759376620025307,98.8125697889646
1000.0,1.0,0.770887878094348,98.3967601472793
1000.0,1.0,0.782502628867277,98.0341813531691
1000.0,1.0,0.794201209300226,97.7208926886956
1000.0,1.0,0.805951680054153,97.4419730302886
1000.0,1.0,0.817726718276055,97.1807398118459
1000.0,1.0,0.829516310106977,96.9305329492869
1000.0,1.0,0.841325429947769,96.6960607143721
1000.0,1.0,0.853165587768538,96.4889463913129
1000.0,1.0,0.865044260157611,96.3211726047852
1000.0,1.0,0.876944298429214,96.1787321918725
1000.0,1.0,0.88883395162342,96.023492491617
1000.0,1.0,0.900702765961537,95.8445000515272
1000.0,1.0,0.912563192216479,95.6563567899749
1000.0,1.0,0.924444353901219,95.4907439186869
1000.0,1.0,0.936351759236484,95.357936020901
1000.0,1.0,0.948277524915639,95.2525290103032
1000.0,1.0,0.96021539524793,95.1691280276621
1000.0,1.0,0.97216546575959,95.1132380167796
1000.0,1.0,0.984119775074759,95.0686803897672
1000.0,1.0,0.996073064533917,95.0211137711571
1000.0,1.0,1.00800518213968,94.92955764085
1000.0,1.0,1.01983339310839,94.7138571873231
1000.0,1.0,1.03152718894437,94.39495025711
1000.0,1.0,1.04336548249645,94.2581479061644
1000.0,1.0,1.05510122599552,94.5677845341571
1000.0,1.0,1.06703498515274,94.6726279150383
1000.0,1.0,1.07899442434008,94.6456824814712
1000.0,1.0,1.09095933001014,94.6584680894585
1000.0,1.0,1.10292365293611,94.7195656952297
1000.0,1.0,1.11488709814829,94.7879629754007
1000.0,1.0,1.1268515973672,94.8496141045786
1000.0,1.0,1.13881760377826,94.8869611667433
1000.0,1.0,1.15077659672775,94.863227017017
1000.0,1.0,1.16271681797602,94.785600202902
1000.0,1.0,1.17463003220601,94.6896092819801
1000.0,10.0,0.0,43.4482615075083
1000.0,10.0,0.000815411144094,45.5709347611452
1000.0,10.0,0.001630822288188,47.693663117546
1000.0,10.0,0.0024815933519085,49.8161103333756
1000.0,10.0,0.0033713763162475,51.9382505003528
1000.0,10.0,0.0042611592805865,54.0604577267865
1000.0,10.0,0.0052731683009231,56.1811863220342
1000.0,10.0,0.0064787592956622,58.299556592008
1000.0,10.0,0.0076843502904013,60.4180266363299
1000.0,10.0,0.0089035682747733,62.5364446863016
1000.0,10.0,0.0101428322967447,64.654747641824
1000.0,10.0,0.011382096318716,66.7731623277092
1000.0,10.0,0.0126418477346249,68.8914425386996
1000.0,10.0,0.0139254934219613,71.0095570748194
1000.0,10.0,0.0152091391092977,73.1277966806523
1000.0,10.0,0.0166249032931924,75.2440133052523
1000.0,10.0,0.0181424096986671,77.3587268145892
1000.0,10.0,0.0196599161041418,79.4735986231611
1000.0,10.0,0.0215091926400711,81.5817293513358
1000.0,10.0,0.0234630359601267,83.6878945736783
1000.0,10.0,0.0254530663244069,85.793336715187
1000.0,10.0,0.0277819648584431,87.8902314570965
1000.0,10.0,0.0301108633924792,89.9873970403145
1000.0,10.0,0.0325896041565319,92.0803826686076
1000.0,10.0,0.0351881342180287,94.1701165951593
1000.0,10.0,0.0378037058015259,96.2596336514775
1000.0,10.0,0.0405543199850256,98.3452584139522
1000.0,10.0,0.0433049341685253,100.431233518664
1000.0,10.0,0.0462147491316236,102.512117767973
1000.0,10.0,0.049181744293533,104.591435098965
1000.0,10.0,0.0523376701256623,106.663694849194
1000.0,10.0,0.0557321671816585,108.726990186062
1000.0,10.0,0.0592826130458962,110.783451903245
1000.0,10.0,0.0632424934501515,112.821275376564
1000.0,10.0,0.067323980147262,114.853041852937
1000.0,10.0,0.0717549996173492,116.866411744233
1000.0,10.0,0.076316415352812,118.872525574365
1000.0,10.0,0.0811123087142421,120.865132331675
1000.0,10.0,0.0861156419129449,122.84463535339
1000.0,10.0,0.0912907329770328,124.813457579608
1000.0,10.0,0.0968949544369877,126.751009976046
1000.0,10.0,0.102735425850331,128.670020256645
1000.0,10.0,0.109160111109657,130.539284326415
1000.0,10.0,0.116132998306619,132.353165865585
1000.0,10.0,0.123454128587567,134.131119465365
1000.0,10.0,0.131026779240977,135.881179192474
1000.0,10.0,0.13872270698655,137.617749332291
1000.0,10.0,0.146502709981288,139.345268001244
1000.0,10.0,0.154459222551513,141.051031994863
1000.0,10.0,0.162762593699693,142.711509294529
1000.0,10.0,0.171640484229454,144.286971840392
1000.0,10.0,0.180981000823017,145.784430392479
1000.0,10.0,0.190641710796152,147.223907364246
1000.0,10.0,0.200565889370403,148.61192714816
1000.0,10.0,0.21072330634915,149.951354371782
1000.0,10.0,0.221058283944784,151.252083265361
1000.0,10.0,0.231524722718852,152.523000295243
1000.0,10.0,0.242159123633117,153.752969809666
1000.0,10.0,0.253095984827182,154.900469241561
1000.0,10.0,0.264440006451348,155.921634643687
1000.0,10.0,0.276109523925455,156.824871043443
1000.0,10.0,0.287940146070209,157.662157453021
1000.0,10.0,0.299845823399995,158.466123610587
1000.0,10.0,0.311842348078342,159.22627730744
1000.0,10.0,0.323961588924295,159.920679676356
1000.0,10.0,0.336201106871447,160.541905014506
1000.0,10.0,0.348531922930457,161.099278533602
1000.0,10.0,0.360930755479411,161.601722072253
1000.0,10.0,0.373387465271411,162.049451275722
1000.0,10.0,0.385904460551213,162.428182614872
1000.0,10.0,0.398470887167266,162.733669612996
1000.0,10.0,0.411066379000606,162.981651402921
1000.0,10.0,0.42367558303004,163.1919926731
1000.0,10.0,0.436293695850718,163.367832848128
1000.0,10.0,0.448918769319512,163.492383213202
1000.0,10.0,0.461542627857265,163.552691409552
1000.0,10.0,0.474156673746868,163.558311332109
1000.0,10.0,0.486755762005535,163.516465138835
1000.0,10.0,0.499333155489476,163.425923753535
1000.0,10.0,0.511871026770409,163.270110514309
1000.0,10.0,0.524350650449297,163.039039966158
1000.0,10.0,0.536780773800286,162.754554694843
1000.0,10.0,0.549226578952169,162.484947410696
1000.0,10.0,0.561708788948717,162.253963398695
1000.0,10.0,0.574182923104142,162.014032900125
1000.0,10.0,0.586579339260815,161.696629776822
1000.0,10.0,0.598891530895686,161.308048919818
1000.0,10.0,0.611160517124274,160.886280057851
1000.0,10.0,0.623425988213017,160.461237443374
1000.0,10.0,0.635685719951471,160.031376893779
1000.0,10.0,0.647918188340844,159.581859823772
1000.0,10.0,0.660111752100177,159.105536596662
1000.0,10.0,0.672274974966568,158.608852492305
1000.0,10.0,0.684423290824892,158.101958949027
1000.0,10.0,0.69656194566583,157.588241387184
1000.0,10.0,0.708684192437859,157.063674375317
1000.0,10.0,0.720783971695096,156.524814781968
1000.0,10.0,0.7328607847337,155.97163981755
1000.0,10.0,0.744913122019196,155.403571625303
1000.0,10.0,0.756940507524608,154.820640408446
1000.0,10.0,0.768941935951294,154.222609657524
1000.0,10.0,0.780904313717738,153.602862561978
1000.0,10.0,0.792827357669034,152.961814970981
1000.0,10.0,0.804746361449487,152.317776716764
1000.0,10.0,0.816723278320221,151.702855900776
1000.0,10.0,0.82877191146933,151.126307308056
1000.0,10.0,0.840912564994134,150.603642332383
1000.0,10.0,0.85315576196449,150.147645023312
1000.0,10.0,0.865457266132331,149.73296771567
1000.0,10.0,0.877743355268326,149.305949889135
1000.0,10.0,0.889986059619805,148.847160425018
1000.0,10.0,0.902144809989662,148.332269387036
1000.0,10.0,0.914186732108065,147.746878330016
1000.0,10.0,0.926146423764868,147.115185647719
1000.0,10.0,0.938117890086887,146.488854934853
1000.0,10.0,0.950151827010218,145.895702337252
1000.0,10.0,0.962257939390311,145.343531839228
1000.0,10.0,0.974439984883338,144.837962400467
1000.0,10.0,0.986681990527313,144.372044871822
1000.0,10.0,0.99892390876786,143.905438216341
1000.0,10.0,1.01113950660418,143.419983046061
1000.0,10.0,1.02330628853967,142.901842603055
1000.0,10.0,1.0353962127617,142.335624555978
1000.0,10.0,1.04741467034522,141.727456364622
1000.0,10.0,1.0594644970973,141.136009971473
1000.0,10.0,1.0715881765897,140.58740738438
1000.0,10.0,1.08375261517231,140.063507848952
1000.0,10.0,1.09592647324276,139.544959281593
1000.0,10.0,1.10816077451503,139.067066892195
1000.0,10.0,1.12060312976473,138.773797812896
1000.0,10.0,1.13320632468549,138.723131313092
1000.0,10.0,1.145813559631,138.679913437193
1000.0,10.0,1.15834780471553,138.496551236693
1000.0,10.0,1.17065490656673,138.082627943429
1000.0,10.0,1.18262499717229,137.44595236026
1000.0,10.0,1.19438358762223,136.699377773439
1000.0,10.0,1.20604145527885,135.906363033403
1000.0,10.0,1.21764310776401,135.088352945418
1000.0,10.0,1.22939980308875,134.337619974624
1000.0,10.0,1.24100453015661,133.536830226757
1000.0,10.0,1.25194307966404,132.494965561361
1100.0,0.1,0.0,20.2244898705632
1100.0,0.1,0.0012636203735001,21.1256638856145
1100.0,0.1,0.0025641859387626,22.0265533287315
1100.0,0.1,0.0038789162355255,22.9273416251337
1100.0,0.1,0.0052081732057176,23.828021399596
1100.0,0.1,0.0065782248335641,24.7283751332374
1100.0,0.1,0.0079482764614105,25.6287427698651
1100.0,0.1,0.009368364536956,26.5286909634496
1100.0,0.1,0.0107988972999215,27.428564163863
1100.0,0.1,0.0122596541103609,28.3281780964824
1100.0,0.1,0.0137624218969624,29.2274269241937
1100.0,0.1,0.0152678662820437,30.126667852331
1100.0,0.1,0.0168398919589073,31.0252947105956
1100.0,0.1,0.0184119176357709,31.9239410767917
1100.0,0.1,0.0200457752058721,32.8219865977311
1100.0,0.1,0.0217076973552095,33.7197720186573
1100.0,0.1,0.0234007374401488,34.6172512535388
1100.0,0.1,0.0251466548915632,35.5141965446814
1100.0,0.1,0.0269012027585686,36.4110697613452
1100.0,0.1,0.0287477793705961,37.3069421834841
1100.0,0.1,0.0305943559826236,38.2028414727042
1100.0,0.1,0.0325407058305635,39.0975837138376
1100.0,0.1,0.0345064445606033,39.9921255689065
1100.0,0.1,0.0365418549428512,40.8858218861878
1100.0,0.1,0.0386183317009769,41.7790346045129
1100.0,0.1,0.0407483004044622,42.6715692881871
1100.0,0.1,0.0429410891491181,43.5633043250701
1100.0,0.1,0.0451713113029528,44.4545513226851
1100.0,0.1,0.0474770633789985,45.3447789036442
1100.0,0.1,0.0498189903999156,46.2345060167832
1100.0,0.1,0.0522738577758036,47.1225891637356
1100.0,0.1,0.0547598698980346,48.0102197417683
1100.0,0.1,0.0573696792387936,48.8959242559863
1100.0,0.1,0.0600190638644192,49.7809985508021
1100.0,0.1,0.062819979674972,50.663527447246
1100.0,0.1,0.06567895084872,51.5450325397258
1100.0,0.1,0.0686969861186242,52.4236441443001
1100.0,0.1,0.0718214001160129,53.3001543753336
1100.0,0.1,0.075115264398498,54.1732873721624
1100.0,0.1,0.0785931173373104,55.0423535345756
1100.0,0.1,0.0822090105654359,55.908390786407
1100.0,0.1,0.0861756746879459,56.7656467582601
1100.0,0.1,0.0902856830829971,57.6191382516203
1100.0,0.1,0.094734331587344,58.4630892583953
1100.0,0.1,0.0993358662830306,59.30239695861
1100.0,0.1,0.104060925859118,60.1379300395735
1100.0,0.1,0.109055158047141,60.9646156608543
1100.0,0.1,0.114239096330694,61.7846034307919
1100.0,0.1,0.119616605804498,62.5975591018676
1100.0,0.1,0.125298352592204,63.3987741978803
1100.0,0.1,0.131329674834461,64.1851493946789
1100.0,0.1,0.137693328115523,64.9562328463687
1100.0,0.1,0.144471144535555,65.7066423282478
1100.0,0.1,0.151798416155398,66.4267145687034
1100.0,0.1,0.159886502531889,67.0983071630257
1100.0,0.1,0.168989865531785,67.6890447865465
1100.0,0.1,0.179222718953321,68.1568350646895
1100.0,0.1,0.190574537909124,68.4211763652667
1100.0,0.1,0.202380499752376,68.4338736007215
1100.0,0.1,0.213810334172571,68.2187777805515
1100.0,0.1,0.224381432679247,67.8218756155997
1100.0,0.1,0.233893361484398,67.2877412941388
1100.0,0.1,0.242655593490957,66.6838265630456
1100.0,0.1,0.251379215144025,66.0757651666697
1100.0,0.1,0.260156830664611,65.472067835373
1100.0,0.1,0.269022410330168,64.8757069425405
1100.0,0.1,0.277975931555137,64.2868899016703
1100.0,0.1,0.287092748103765,63.7129710224642
1100.0,0.1,0.296446350255992,63.1617390020668
1100.0,0.1,0.30614335840603,62.6456437523422
1100.0,0.1,0.316260467428224,62.1787541317017
1100.0,0.1,0.326702750969606,61.7558587631044
1100.0,0.1,0.337313663273087,61.3573150609943
1100.0,0.1,0.348004539573686,60.9710805371995
1100.0,0.1,0.358755474825444,60.594471481022
1100.0,0.1,0.369564737643049,60.2274900971974
1100.0,0.1,0.380421699775388,59.8685748623569
1100.0,0.1,0.391315227828702,59.5159827619657
1100.0,0.1,0.402246347198502,59.1700408391744
1100.0,0.1,0.413208774898364,58.8297236036124
1100.0,0.1,0.424176893100102,58.4903344701044
1100.0,0.1,0.435142481984888,58.1503406989113
1100.0,0.1,0.44610514956963,57.8096707255186
1100.0,0.1,0.45707990747276,57.47112984395
1100.0,0.1,0.46808343024659,57.1379111546971
1100.0,0.1,0.479115164179263,56.8100144189373
1100.0,0.1,0.490167376450561,56.4860105358531
1100.0,0.1,0.501202855948975,56.158597985311
1100.0,0.1,0.512212296407248,55.8260214580607
1100.0,0.1,0.523198733619256,55.4889329618359
1100.0,0.1,0.534221890108976,55.1587985083708
1100.0,0.1,0.5453272934388,54.8450485132256
1100.0,0.1,0.556527832961838,54.5514695753425
1100.0,0.1,0.567815369290141,54.2776997667304
1100.0,0.1,0.579173428689535,54.0211735161878
1100.0,0.1,0.5905899093037,53.7799529226961
1100.0,0.1,0.602037373828476,53.5471551098857
1100.0,0.1,0.613482504031907,53.3136072216491
1100.0,0.1,0.624915841117525,53.0766661998812
1100.0,0.1,0.636336500379269,52.8361379229122
1100.0,0.1,0.647741939220145,52.5913886700977
1100.0,0.1,0.659132807091111,52.3426568312582
1100.0,0.1,0.67058243060034,52.1101523351886
1100.0,0.1,0.682162274850785,51.9189013230647
1100.0,0.1,0.693850718121149,51.7695262303139
1100.0,0.1,0.705568908163175,51.6334024387288
1100.0,0.1,0.717226965961544,51.4706360926218
1100.0,0.1,0.728819528646268,51.2827424347655
1100.0,0.1,0.740419802283368,51.0980560371289
1100.0,0.1,0.75210824743969,50.9485552056013
1100.0,0.1,0.763850537560009,50.824454743467
1100.0,0.1,0.775589188545568,50.6984745099392
1100.0,0.1,0.787299255319004,50.5581512271795
1100.0,0.1,0.79898422293362,50.4062569398878
1100.0,0.1,0.810654389208526,50.2478961029305
1100.0,0.1,0.822314238879457,50.0851820226419
1100.0,0.1,0.83398637854892,49.9276261849712
1100.0,0.1,0.845700321717354,49.7889700240436
1100.0,0.1,0.857452768116758,49.6702738508173
1100.0,0.1,0.869237211541756,49.570979020832
1100.0,0.1,0.881045588144342,49.4888969038099
1100.0,0.1,0.892867697679711,49.4182792161054
1100.0,0.1,0.904694277592547,49.3517896081344
1100.0,0.1,0.916523502912637,49.2878876144402
1100.0,0.1,0.928350867605165,49.2221671735139
1100.0,0.1,0.940172246175911,49.1507809141083
1100.0,0.1,0.95199035286975,49.076432342433
1100.0,0.1,0.963813542913997,49.00665775092
1100.0,0.1,0.975643117901212,48.9431371492975
1100.0,0.1,0.987485693438746,48.8948693791315
1100.0,0.1,0.999342276663872,48.8694280507905
1100.0,0.1,1.0112028461268,48.8540816224214
1100.0,0.1,1.02305579834883,48.8212893863611
1100.0,0.1,1.03490049991022,48.7752390928493
1100.0,0.1,1.04675947920067,48.7591917333907
1100.0,0.1,1.05861833844865,48.7872201007196
1100.0,0.1,1.07047604883017,48.8224634846468
1100.0,0.1,1.08233848363816,48.8193881823288
1100.0,0.1,1.09419982967817,48.8069286313212
1100.0,0.1,1.106063429653,48.8172084208801
1100.0,0.1,1.11792428952025,48.8445235111481
1100.0,0.1,1.12978039586789,48.8844934766369
1100.0,0.1,1.14163386397973,48.929856577575
1100.0,0.1,1.15349434273627,48.9562728037062
1100.0,0.1,1.16533530080354,48.9260890981154
1100.0,1.0,0.0,24.6128945452565
1100.0,1.0,0.0007961421749602,25.7837827462046
1100.0,1.0,0.0016610033998146,26.9543763225422
1100.0,1.0,0.0025350379012318,28.1249214470822
1100.0,1.0,0.0034755283165368,29.2950130283915
1100.0,1.0,0.0044160187318417,30.4651245628519
1100.0,1.0,0.0053853438991547,31.6350360365364
1100.0,1.0,0.0064009809871196,32.8046165129765
1100.0,1.0,0.0074166180750845,33.9742204370814
1100.0,1.0,0.0084992274426682,35.1432890523844
1100.0,1.0,0.0096140937977498,36.3121156271073
1100.0,1.0,0.0107291107441124,37.4809686135218
1100.0,1.0,0.0119503291167064,38.6488806698056
1100.0,1.0,0.0131715474893005,39.8168253700735
1100.0,1.0,0.0144391644545322,40.9843353203462
1100.0,1.0,0.0157869914901701,42.1510738568559
1100.0,1.0,0.0171348185258081,43.3178507979892
1100.0,1.0,0.0186023027574126,44.4833242557194
1100.0,1.0,0.0201042395526594,45.6484559315323
1100.0,1.0,0.0216626788792399,46.8129035198293
1100.0,1.0,0.0234005583961965,47.9750860424167
1100.0,1.0,0.0251384379131531,49.1373238585866
1100.0,1.0,0.0270505309710357,50.297043602799
1100.0,1.0,0.0290125307404948,51.4560904775291
1100.0,1.0,0.0310770219955286,52.6134750679208
1100.0,1.0,0.0333030095430685,53.7682110397223
1100.0,1.0,0.0355530356802585,54.9225614622341
1100.0,1.0,0.0380722511755519,56.0718118032097
1100.0,1.0,0.0405914666708452,57.221153132813
1100.0,1.0,0.0433676508140797,58.3649824077478
1100.0,1.0,0.0461841535833543,59.5080367371991
1100.0,1.0,0.0491961236230461,60.6464568840877
1100.0,1.0,0.0522783443878939,61.7832905061088
1100.0,1.0,0.055587937830144,62.9140978263139
1100.0,1.0,0.0590011839695404,64.0422359483378
1100.0,1.0,0.0626872829640476,65.1622253758507
1100.0,1.0,0.0664743004097087,66.2793010078812
1100.0,1.0,0.0706209934082013,67.3842240242416
1100.0,1.0,0.0748605180678609,68.4859899341698
1100.0,1.0,0.0794326579466647,69.5752462962498
1100.0,1.0,0.0841414295030762,70.658986687251
1100.0,1.0,0.0890392775670303,71.7350324421537
1100.0,1.0,0.0941987437541861,72.7994279930805
1100.0,1.0,0.099521982312086,73.8561938933013
1100.0,1.0,0.105142022566648,74.8984741047261
1100.0,1.0,0.111067595374357,75.924360180078
1100.0,1.0,0.117212565035114,76.937920634966
1100.0,1.0,0.123593444094677,77.9377350096111
1100.0,1.0,0.130358767943711,78.9129456195799
1100.0,1.0,0.137378885222647,79.8705166856221
1100.0,1.0,0.144677807825985,80.807726499187
1100.0,1.0,0.152278995876813,81.7214719647715
1100.0,1.0,0.160199907716937,82.6086286468855
1100.0,1.0,0.168451389609521,83.4659477404503
1100.0,1.0,0.176991431431087,84.2950816583366
1100.0,1.0,0.185824979061348,85.0933087355708
1100.0,1.0,0.19496145324984,85.8570416626023
1100.0,1.0,0.204427634196907,86.5796279409259
1100.0,1.0,0.214246378841649,87.2533794187895
1100.0,1.0,0.224437229610254,87.8687324069708
1100.0,1.0,0.234981086799607,88.4204444993618
1100.0,1.0,0.245853206039,88.9023538613827
1100.0,1.0,0.257086090780005,89.2878987194966
1100.0,1.0,0.26865515910878,89.5460321736077
1100.0,1.0,0.280414556693912,89.6705165981009
1100.0,1.0,0.292209237521584,89.6587145984773
1100.0,1.0,0.303908893631845,89.5315480916275
1100.0,1.0,0.315408534822728,89.2922331182594
1100.0,1.0,0.326634205598067,88.9522259206556
1100.0,1.0,0.337553409168658,88.5267986691437
1100.0,1.0,0.348184988665828,88.0349309807646
1100.0,1.0,0.358615530244008,87.5022971238583
1100.0,1.0,0.368840830736094,86.9316527494704
1100.0,1.0,0.378861567880119,86.3261668409679
1100.0,1.0,0.388757970870154,85.7004225662561
1100.0,1.0,0.398566187037672,85.0606605771059
1100.0,1.0,0.408304047641802,84.4099217086588
1100.0,1.0,0.417985871446589,83.7505038121378
1100.0,1.0,0.427642765020754,83.0870370679499
1100.0,1.0,0.437351692695919,82.4307149235506
1100.0,1.0,0.44710853266229,81.7810824023256
1100.0,1.0,0.456914408636681,81.1384147459473
1100.0,1.0,0.46679535053469,80.5069499142807
1100.0,1.0,0.476803081372196,79.8951830280403
1100.0,1.0,0.486971663133758,79.30976444365
1100.0,1.0,0.497309763157849,78.7541016460249
1100.0,1.0,0.507763615223821,78.2199357249705
1100.0,1.0,0.518265247911411,77.6946716452963
1100.0,1.0,0.528784314423704,77.1725098072433
1100.0,1.0,0.539313965806705,76.652122317822
1100.0,1.0,0.549885265558759,76.1398771778923
1100.0,1.0,0.560568962717713,75.6512204063512
1100.0,1.0,0.571425393417826,75.2012898652659
1100.0,1.0,0.582453918257104,74.7941479535039
1100.0,1.0,0.593621393352908,74.4249933596396
1100.0,1.0,0.604834116211488,74.069122758492
1100.0,1.0,0.616063209825241,73.7180828105926
1100.0,1.0,0.627314361943341,73.3737541916476
1100.0,1.0,0.638588389420778,73.0365520259023
1100.0,1.0,0.649881166902367,72.7052781869342
1100.0,1.0,0.661191424377662,72.3796673225097
1100.0,1.0,0.672533460873772,72.064772548641
1100.0,1.0,0.683910482458854,71.7621980072831
1100.0,1.0,0.695328485023786,71.474779831016
1100.0,1.0,0.706796863270688,71.2074333427993
1100.0,1.0,0.718333047652094,70.9697315347681
1100.0,1.0,0.729935206711464,70.7646663515729
1100.0,1.0,0.741565862606586,70.5747926726343
1100.0,1.0,0.753192321777885,70.3824044134554
1100.0,1.0,0.764814094603105,70.1872358916769
1100.0,1.0,0.776458557409579,70.0052383391684
1100.0,1.0,0.788144989884828,69.8504589696578
1100.0,1.0,0.799875781081844,69.7301771681837
1100.0,1.0,0.811629976173975,69.6323515526329
1100.0,1.0,0.82339953975294,69.5519979905629
1100.0,1.0,0.835170408530499,69.4731365720336
1100.0,1.0,0.846928056518673,69.3788196802991
1100.0,1.0,0.85867067366501,69.2690286016484
1100.0,1.0,0.870441870476864,69.1925243249813
1100.0,1.0,0.882243609439585,69.1778932519086
1100.0,1.0,0.894050812643235,69.1847393942325
1100.0,1.0,0.905835753938599,69.1317981434969
1100.0,1.0,0.917560563325778,69.006939874406
1100.0,1.0,0.929316335979116,68.9124251808979
1100.0,1.0,0.941112536975077,68.8779595142446
1100.0,1.0,0.952919395624871,68.8796163649238
1100.0,1.0,0.964726730924042,68.9047262350738
1100.0,1.0,0.976521563331233,68.9737040906634
1100.0,1.0,0.988275132988137,69.101609836895
1100.0,1.0,1.00005012313001,69.1995231139036
1100.0,1.0,1.01185113575329,69.1851377054444
1100.0,1.0,1.02364911161997,69.1576424254559
1100.0,1.0,1.03544804430041,69.209205203179
1100.0,1.0,1.04721928112721,69.3197460044668
1100.0,1.0,1.05897712155837,69.4463283052404
1100.0,1.0,1.07075616772111,69.5446413142052
1100.0,1.0,1.08255860554634,69.5949010832032
1100.0,1.0,1.09436612381333,69.6145487397516
1100.0,1.0,1.10616442957933,69.587622895352
1100.0,1.0,1.11795567747728,69.5403345923729
1100.0,1.0,1.12973770149837,69.6152816092626
1100.0,1.0,1.14149294029207,69.7420961588656
1100.0,1.0,1.15329575721379,69.7508123434671
1100.0,1.0,1.16509791408851,69.7340567306392
1100.0,1.0,1.1766971948802,69.5414261812574
1100.0,10.0,0.0,31.9921339756093
1100.0,10.0,0.0010975187767175,33.6441941558343
1100.0,10.0,0.002195037553435,35.2962967323434
1100.0,10.0,0.0033221046285365,36.9481093280964
1100.0,10.0,0.0045353599467855,38.5990011097444
1100.0,10.0,0.0057486152650344,40.2499453080517
1100.0,10.0,0.0069911197211301,41.9005852458683
1100.0,10.0,0.0083149618561703,43.5502925039529
1100.0,10.0,0.0096388039912104,45.2000628952405
1100.0,10.0,0.0109958224815015,46.8494646563313
1100.0,10.0,0.0124219796660657,48.4980371510209
1100.0,10.0,0.0138481368506299,50.1466839378205
1100.0,10.0,0.0153225063244971,51.7947320983012
1100.0,10.0,0.0168601486446379,53.441980325161
1100.0,10.0,0.0183977909647786,55.0893152747989
1100.0,10.0,0.0200096798592223,56.7356194715168
1100.0,10.0,0.0216726110237663,58.3812533424121
1100.0,10.0,0.0233355421883103,60.0269879842756
1100.0,10.0,0.0251250507969015,61.6707372339649
1100.0,10.0,0.0269443737164795,63.3141111225956
1100.0,10.0,0.0287783510813321,64.9573393503596
1100.0,10.0,0.0307565997598893,66.5981029793695
1100.0,10.0,0.0327348484384465,68.2390022753821
1100.0,10.0,0.034815192471803,69.877982879797
1100.0,10.0,0.0370242649347948,71.5145261646915
1100.0,10.0,0.0392333373977867,73.1512290998623
1100.0,10.0,0.0416677216382244,74.783001200114
1100.0,10.0,0.0441321792738105,76.4142788830484
1100.0,10.0,0.0467520946210767,78.0416813748144
1100.0,10.0,0.0495880449827843,79.6636519365371
1100.0,10.0,0.0524480682306789,81.2851352239129
1100.0,10.0,0.0555786975429749,82.8988709372003
1100.0,10.0,0.058709326855271,84.512862221746
1100.0,10.0,0.0622040008831123,86.1148207735709
1100.0,10.0,0.0657661808270753,87.7147963129785
1100.0,10.0,0.0696406852099469,89.3029969491863
1100.0,10.0,0.0736288172145741,90.8871417327584
1100.0,10.0,0.0779289469285456,92.4579970554083
1100.0,10.0,0.0823394196519404,94.0244115036445
1100.0,10.0,0.0870940016875521,95.5744287417766
1100.0,10.0,0.09193317910586,97.1206142602434
1100.0,10.0,0.097167908996335,98.6458134256209
1100.0,10.0,0.102563305707616,100.16180603916
1100.0,10.0,0.108250909060571,101.660699064458
1100.0,10.0,0.114324002399614,103.134097036482
1100.0,10.0,0.120645601190573,104.590337800252
1100.0,10.0,0.127382015612512,106.01570781668
1100.0,10.0,0.134544432984787,107.405343100426
1100.0,10.0,0.142013299102464,108.76778169264
1100.0,10.0,0.149784509256862,110.101926891217
1100.0,10.0,0.157911734087497,111.399852692065
1100.0,10.0,0.166350933090184,112.663287361641
1100.0,10.0,0.175094206218875,113.890706371746
1100.0,10.0,0.184161464845654,115.07697388532
1100.0,10.0,0.193567850784394,116.216666261752
1100.0,10.0,0.203322878197888,117.304129517272
1100.0,10.0,0.213428696418177,118.333912884351
1100.0,10.0,0.223832954669972,119.309764916648
1100.0,10.0,0.234525604599467,120.228317082051
1100.0,10.0,0.245502534082848,121.084243824108
1100.0,10.0,0.256751333169362,121.873097620172
1100.0,10.0,0.268252624204949,122.591452961286
1100.0,10.0,0.279980301076633,123.237536289941
1100.0,10.0,0.291892085706061,123.81609795894
1100.0,10.0,0.303943936282276,124.335591692908
1100.0,10.0,0.316115879991592,124.796659851922
1100.0,10.0,0.328390654894614,125.199098177545
1100.0,10.0,0.340750848075691,125.543135485522
1100.0,10.0,0.353179220912874,125.82951876157
1100.0,10.0,0.365656333221492,126.06341150177
1100.0,10.0,0.378166004913984,126.250428249371
1100.0,10.0,0.390697360659912,126.392252936357
1100.0,10.0,0.403240992124518,126.488207664847
1100.0,10.0,0.415787402112824,126.542390057916
1100.0,10.0,0.428328981087218,126.555530076711
1100.0,10.0,0.440855184147984,126.521344364571
1100.0,10.0,0.453350560598938,126.430183015385
1100.0,10.0,0.465801793356249,126.282821297939
1100.0,10.0,0.478198590644564,126.082322453447
1100.0,10.0,0.490532551239093,125.831655982913
1100.0,10.0,0.502797502723055,125.533963546159
1100.0,10.0,0.51500093514322,125.198930606728
1100.0,10.0,0.52717787616951,124.848534250832
1100.0,10.0,0.53934139989449,124.490395541607
1100.0,10.0,0.551492591254146,124.125213475934
1100.0,10.0,0.563629930603816,123.752301165692
1100.0,10.0,0.57575603156358,123.373112539797
1100.0,10.0,0.587866994287611,122.985777662674
1100.0,10.0,0.599946492345093,122.582483819767
1100.0,10.0,0.611977626416051,122.155836897059
1100.0,10.0,0.623958416283875,121.706020589772
1100.0,10.0,0.635889339697708,121.234244863249
1100.0,10.0,0.647771065081922,120.741653065918
1100.0,10.0,0.659605425731416,120.229708586936
1100.0,10.0,0.671404008563839,119.703372448802
1100.0,10.0,0.683188023474063,119.170897939092
1100.0,10.0,0.69496840190197,118.636417400887
1100.0,10.0,0.706747134796704,118.100677776225
1100.0,10.0,0.718525988757452,117.564340895544
1100.0,10.0,0.730305629946813,117.027658403995
1100.0,10.0,0.742087940785928,116.491338824057
1100.0,10.0,0.753885717526148,115.960234635008
1100.0,10.0,0.765722832598855,115.443698581541
1100.0,10.0,0.777605930998786,114.944795073761
1100.0,10.0,0.789529088479564,114.46178950632
1100.0,10.0,0.801492763957546,113.995492962249
1100.0,10.0,0.813499994580523,113.547958411306
1100.0,10.0,0.825543183691783,113.116430534118
1100.0,10.0,0.837595970627808,112.688899547222
1100.0,10.0,0.849647097359372,112.260093354528
1100.0,10.0,0.861695112947811,111.829326674451
1100.0,10.0,0.873740297303583,111.396741051839
1100.0,10.0,0.885784427952022,110.963175984195
1100.0,10.0,0.897830408981862,110.53000452955
1100.0,10.0,0.909893234188982,110.104411034716
1100.0,10.0,0.921988188430219,109.694093671251
1100.0,10.0,0.934116262591059,109.300139566861
1100.0,10.0,0.946276727084584,108.922918314762
1100.0,10.0,0.958469479650962,108.56313719739
1100.0,10.0,0.970696810531559,108.223049234923
1100.0,10.0,0.982932334098806,107.88750452889
1100.0,10.0,0.995161450040909,107.547747304365
1100.0,10.0,1.00738667248723,107.205308819846
1100.0,10.0,1.01960805269197,106.860233842264
1100.0,10.0,1.03182400194442,106.511598865367
1100.0,10.0,1.04404797680288,106.167394810964
1100.0,10.0,1.05631077616479,105.846803055361
1100.0,10.0,1.06860938561661,105.549457746361
1100.0,10.0,1.08094747322219,105.28020551996
1100.0,10.0,1.09333175972,105.047284291206
1100.0,10.0,1.10575833589529,104.852551543469
1100.0,10.0,1.1182055019865,104.678924868038
1100.0,10.0,1.13066659862353,104.520790400644
1100.0,10.0,1.14313581941901,104.372250274155
1100.0,10.0,1.15560710054055,104.22615690235
1100.0,10.0,1.16807749267788,104.078983787178
1100.0,10.0,1.18050586093719,103.886364199393
1100.0,10.0,1.19285999978161,103.628503482901
1100.0,10.0,1.20512773397014,103.308867972159
1100.0,10.0,1.21729500519333,102.92898355315
1100.0,10.0,1.22936862812573,102.500042237099
1100.0,10.0,1.24117233395949,101.982843942768
1200.0,0.1,0.0,10.7984959103105
1200.0,0.1,0.0010286447713945,11.482462809592
1200.0,0.1,0.0020572895427891,12.1664337106095
1200.0,0.1,0.0030994250251299,12.85034177808
1200.0,0.1,0.0041715194326386,13.5341059298636
1200.0,0.1,0.0052436138401473,14.2178748529339
1200.0,0.1,0.0063299657340558,14.9015748311511
1200.0,0.1,0.0074528647757261,15.5850911619813
1200.0,0.1,0.0085757638173963,16.2686131117996
1200.0,0.1,0.0097140430472263,16.9520575927305
1200.0,0.1,0.0108913531637085,17.6352974246904
1200.0,0.1,0.0120686632801907,18.3185437915185
1200.0,0.1,0.0132656121086438,19.0016853547403
1200.0,0.1,0.0145046253819565,19.6845956411388
1200.0,0.1,0.0157436386552693,20.367513472702
1200.0,0.1,0.0170092525552754,21.0502801314513
1200.0,0.1,0.0183164278862735,21.7328071213421
1200.0,0.1,0.0196236032172716,22.4153427651306
1200.0,0.1,0.0209726903755027,23.0976215901753
1200.0,0.1,0.0223634966649961,23.7796457758294
1200.0,0.1,0.0237543029544896,24.461679892962
1200.0,0.1,0.0252069865461484,25.1433060389519
1200.0,0.1,0.0266920675077985,25.8247244972784
1200.0,0.1,0.0281771484694485,26.5061543168491
1200.0,0.1,0.0297499449700162,27.1869627328489
1200.0,0.1,0.0313370392064592,27.8676808287356
1200.0,0.1,0.0329390766737563,28.5482953493019
1200.0,0.1,0.0346566486500611,29.2280230749287
1200.0,0.1,0.036374220626366,29.9077656222173
1200.0,0.1,0.0381595745982975,30.5869465635436
1200.0,0.1,0.0400348563097146,31.2653791611868
1200.0,0.1,0.0419101380211316,31.943828809074
1200.0,0.1,0.0439396484395169,32.6208515102067
1200.0,0.1,0.0460043125142085,33.2975645135744
1200.0,0.1,0.048135638363785,33.9736006317062
1200.0,0.1,0.0504402189524103,34.6478481109052
1200.0,0.1,0.0527447995410355,35.3221184974941
1200.0,0.1,0.0552107916788483,35.9945559750835
1200.0,0.1,0.0577087711619809,36.6666512536915
1200.0,0.1,0.0602797231252778,37.3378723163711
1200.0,0.1,0.0629331958890931,38.0081033224699
1200.0,0.1,0.0656188965931096,38.6779359199744
1200.0,0.1,0.0684628388973893,39.3457028955432
1200.0,0.1,0.071306781201669,40.0135013634839
1200.0,0.1,0.0743553033140892,40.6784043621531
1200.0,0.1,0.0774162751553132,41.3431640431108
1200.0,0.1,0.0806924448835889,42.0045963790768
1200.0,0.1,0.084024412132511,42.6651954675539
1200.0,0.1,0.0875988333941472,43.321645674553
1200.0,0.1,0.0912609306925566,43.9766245274998
1200.0,0.1,0.0952437704988688,44.6254319738478
1200.0,0.1,0.0993207547473398,45.2724638230341
1200.0,0.1,0.103888166246706,45.9086765002962
1200.0,0.1,0.10857630464892,46.5420432883381
1200.0,0.1,0.113589762357492,47.1673334330138
1200.0,0.1,0.118828671255996,47.7864572987622
1200.0,0.1,0.124246264513933,48.4007100210356
1200.0,0.1,0.130129835321202,49.0007573294515
1200.0,0.1,0.1363035591033,49.59088715542
1200.0,0.1,0.142830054820903,50.16849211924
1200.0,0.1,0.149927911936337,50.7236391466244
1200.0,0.1,0.157792801510556,51.2427565783968
1200.0,0.1,0.166846056657838,51.6882719911949
1200.0,0.1,0.177443375439875,51.9887508661013
1200.0,0.1,0.189098429066429,52.0528162032868
1200.0,0.1,0.200331160840381,51.8633937863888
1200.0,0.1,0.210593864717656,51.5278394530029
1200.0,0.1,0.220155417571365,51.125486548215
1200.0,0.1,0.229243797927941,50.687140837509
1200.0,0.1,0.237721337381842,50.2092172562614
1200.0,0.1,0.245769841905075,49.7074830696515
1200.0,0.1,0.253613951001507,49.1943586862264
1200.0,0.1,0.261451082471106,48.6807447259208
1200.0,0.1,0.269762464352804,48.1935046027507
1200.0,0.1,0.278538220140952,47.7343135965125
1200.0,0.1,0.287928376622134,47.3164936034913
1200.0,0.1,0.298086460412875,46.9637932600454
1200.0,0.1,0.308639048442342,46.6521970250726
1200.0,0.1,0.319432926863237,46.3686384606044
1200.0,0.1,0.330414599956701,46.109993045187
1200.0,0.1,0.341575029469731,45.8779002651802
1200.0,0.1,0.352860111791842,45.66608679082
1200.0,0.1,0.364201833029539,45.464294354624
1200.0,0.1,0.375576460524806,45.2686102749426
1200.0,0.1,0.386978826287159,45.078228565617
1200.0,0.1,0.398388474774786,44.8892166962274
1200.0,0.1,0.409778397594855,44.6962904018797
1200.0,0.1,0.421142970672572,44.4984505042351
1200.0,0.1,0.43248978668172,44.2972118807034
1200.0,0.1,0.443858877713343,44.1002236004068
1200.0,0.1,0.455304438639394,43.9183535066096
1200.0,0.1,0.466826381119454,43.7530001719512
1200.0,0.1,0.478413637416907,43.6032120537131
1200.0,0.1,0.490048769466323,43.4659563574008
1200.0,0.1,0.501720243711953,43.3391100903247
1200.0,0.1,0.513426532985568,43.2231164300687
1200.0,0.1,0.525152675557579,43.1136486113967
1200.0,0.1,0.536875687553767,43.0030783163052
1200.0,0.1,0.548590256924774,42.8896137371729
1200.0,0.1,0.560292919156944,42.7722126503926
1200.0,0.1,0.571972572748399,42.6475979407773
1200.0,0.1,0.583623080109722,42.5143419659347
1200.0,0.1,0.59525559835277,42.3759597340422
1200.0,0.1,0.606931740330602,42.2504141741244
1200.0,0.1,0.618673758551525,42.1467337252126
1200.0,0.1,0.630468228805333,42.0642582528044
1200.0,0.1,0.64229164593619,41.9959310486608
1200.0,0.1,0.654132834633268,41.9380236696075
1200.0,0.1,0.665987752044457,41.8896300256108
1200.0,0.1,0.677852321745373,41.8491655444726
1200.0,0.1,0.689724592642819,41.8162046347283
1200.0,0.1,0.701602676414457,41.7901027408096
1200.0,0.1,0.713485337754943,41.770800615891
1200.0,0.1,0.725371848926615,41.7594048350885
1200.0,0.1,0.73726090066847,41.7569430935961
1200.0,0.1,0.749150087325358,41.7544013110912
1200.0,0.1,0.761037591955366,41.7453584054492
1200.0,0.1,0.772923297308059,41.7316672771872
1200.0,0.1,0.784808569165639,41.7170335089965
1200.0,0.1,0.79669381685832,41.7023498485238
1200.0,0.1,0.808576997640719,41.6839053859941
1200.0,0.1,0.820454405513896,41.6569861538949
1200.0,0.1,0.832323956711322,41.6211779911985
1200.0,0.1,0.844202944930113,41.597062433295
1200.0,0.1,0.856091272479431,41.5965953223958
1200.0,0.1,0.867978565351301,41.614710716156
1200.0,0.1,0.879865468084035,41.6343273271317
1200.0,0.1,0.891753862949886,41.6493823526011
1200.0,0.1,0.90363895530758,41.6726607675769
1200.0,0.1,0.915513767609645,41.7114888962285
1200.0,0.1,0.927379803456739,41.7597348869183
1200.0,0.1,0.939246318336649,41.8075853319318
1200.0,0.1,0.951114898119603,41.8534698335949
1200.0,0.1,0.96297090463106,41.909649470323
1200.0,0.1,0.974796840669817,41.9855140858043
1200.0,0.1,0.986605909552439,42.0703180929894
1200.0,0.1,0.998461682201753,42.1257644052873
1200.0,0.1,1.0103442998466,42.1523913292598
1200.0,0.1,1.02221759328509,42.1915805777521
1200.0,0.1,1.034037782096,42.2701506626618
1200.0,0.1,1.04582420476853,42.3660632035218
1200.0,0.1,1.05763832481793,42.4486241615239
1200.0,0.1,1.06947146508317,42.5209992358588
1200.0,0.1,1.08123579280002,42.6243091606233
1200.0,0.1,1.09280177641485,42.7889837344968
1200.0,0.1,1.10441760103398,42.9396214983981
1200.0,0.1,1.11625611126586,43.0044272065619
1200.0,0.1,1.1281115916302,43.0595422556099
1200.0,0.1,1.13979588798916,43.1903516238858
1200.0,0.1,1.1513427241333,43.3606661995502
1200.0,0.1,1.16292937103911,43.52127896818
1200.0,0.1,1.17456169449629,43.6699208877319
1200.0,0.1,1.18623279510388,43.8078322329687
1200.0,1.0,0.0,17.4098831737563
1200.0,1.0,0.0001358805540724,18.3029195259392
1200.0,1.0,0.0005055872872098,19.195552447359
1200.0,1.0,0.0009509257294331,20.0880588696949
1200.0,1.0,0.0013962641716564,20.9805701426767
1200.0,1.0,0.0022529632664731,21.8713787398684
1200.0,1.0,0.0031576611426792,22.7619986407949
1200.0,1.0,0.004074725539815,23.6525568633672
1200.0,1.0,0.0050944487288609,24.5425251887912
1200.0,1.0,0.0061141719179068,25.4325068743081
1200.0,1.0,0.0071711131505004,26.3222602184071
1200.0,1.0,0.0082950476746624,27.2115936072685
1200.0,1.0,0.0094189821988244,28.1009429395677
1200.0,1.0,0.0106287592775266,28.9896872600116
1200.0,1.0,0.0118858906280707,29.8781076264831
1200.0,1.0,0.0131430219786149,30.7665471559779
1200.0,1.0,0.0145271485140517,31.653988443598
1200.0,1.0,0.0159141055195486,32.5414295942332
1200.0,1.0,0.0173662706365288,33.4283049224145
1200.0,1.0,0.0189345917052776,34.3141577718747
1200.0,1.0,0.0205029127740264,35.200037709523
1200.0,1.0,0.0222225576733767,36.0844061091095
1200.0,1.0,0.0239793511909318,36.9684283276978
1200.0,1.0,0.0258131354964281,37.8515903962117
1200.0,1.0,0.0278166710273945,38.7328215295827
1200.0,1.0,0.0298202065583608,39.6140909841703
1200.0,1.0,0.0320581291392986,40.4923025719308
1200.0,1.0,0.0343213460501338,41.3702248868644
1200.0,1.0,0.0367621552573379,42.245512215106
1200.0,1.0,0.0393327823471613,43.1188919489206
1200.0,1.0,0.0420178661427362,43.9903531882471
1200.0,1.0,0.0449176148873414,44.8581755443648
1200.0,1.0,0.0479069581813236,45.724283508333
1200.0,1.0,0.0512244408072245,46.5839536990819
1200.0,1.0,0.0546073152641762,47.4422284583235
1200.0,1.0,0.0582629235970942,48.2944575483285
1200.0,1.0,0.0619808554542934,49.1452461826182
1200.0,1.0,0.0658736366747497,49.9918497308878
1200.0,1.0,0.0698745633113136,50.8356940406585
1200.0,1.0,0.0740380700257562,51.6753507988945
1200.0,1.0,0.0783647434906232,52.5104741289587
1200.0,1.0,0.0827966502026513,53.3427148591549
1200.0,1.0,0.0874869713258141,54.1671524661196
1200.0,1.0,0.0922829375170821,54.988290803501
1200.0,1.0,0.0973257933789009,55.8013701826383
1200.0,1.0,0.102577396820902,56.6070812406437
1200.0,1.0,0.107984071356687,57.4072599432203
1200.0,1.0,0.11368089512763,58.1963171839335
1200.0,1.0,0.119600421971508,58.9761628956909
1200.0,1.0,0.125741021213948,59.7465134506693
1200.0,1.0,0.132208974858948,60.501990165558
1200.0,1.0,0.139056848763999,61.238416343279
1200.0,1.0,0.14617473935156,61.9603542485512
1200.0,1.0,0.153564267237581,62.6669132365231
1200.0,1.0,0.161228671653957,63.3569844162737
1200.0,1.0,0.169173954626151,64.0290701261265
1200.0,1.0,0.177471866751544,64.6766027559293
1200.0,1.0,0.186079314869428,65.3007294386438
1200.0,1.0,0.19518315774813,65.8826584361154
1200.0,1.0,0.204838678948383,66.4108267846725
1200.0,1.0,0.215091946032938,66.8684867795034
1200.0,1.0,0.225898643502903,67.2446125568467
1200.0,1.0,0.237214327533792,67.5168423089758
1200.0,1.0,0.248894020929044,67.6701495681619
1200.0,1.0,0.260720731277917,67.6812972950514
1200.0,1.0,0.272388112121587,67.546424164236
1200.0,1.0,0.283733778576052,67.3052619264536
1200.0,1.0,0.294698148553555,66.9807132086016
1200.0,1.0,0.30524441030569,66.5863431950706
1200.0,1.0,0.315340142095753,66.1306965255493
1200.0,1.0,0.325093858774144,65.634209285511
1200.0,1.0,0.334629799087914,65.113516142083
1200.0,1.0,0.344026324254261,64.5782116672441
1200.0,1.0,0.353302016256454,64.0306936550169
1200.0,1.0,0.362462681554675,63.4719509001709
1200.0,1.0,0.371623783317073,62.9129841877091
1200.0,1.0,0.380836344464684,62.3586910928615
1200.0,1.0,0.390151036185708,61.8139627000461
1200.0,1.0,0.399608508214997,61.2832268056964
1200.0,1.0,0.409174048258312,60.7635061052569
1200.0,1.0,0.418874992272117,60.2582116641655
1200.0,1.0,0.428739823629827,59.7711828190528
1200.0,1.0,0.43879036607543,59.3059676893874
1200.0,1.0,0.449028766822634,58.8643901966178
1200.0,1.0,0.459458073422081,58.448840992578
1200.0,1.0,0.469979812020024,58.0465401409036
1200.0,1.0,0.480581512735527,57.6561574424116
1200.0,1.0,0.49126155904354,57.2779142602375
1200.0,1.0,0.502028083850617,56.9136985959202
1200.0,1.0,0.512916169820799,56.570624520862
1200.0,1.0,0.523951504453469,56.2550603155037
1200.0,1.0,0.535126802294804,55.9685093873118
1200.0,1.0,0.546419690533836,55.7086659471391
1200.0,1.0,0.557768996263054,55.4627085466673
1200.0,1.0,0.569142375213775,55.2229332191346
1200.0,1.0,0.580539258778977,54.9893706725091
1200.0,1.0,0.591960980698585,54.7625829341596
1200.0,1.0,0.603408275158149,54.5430068091409
1200.0,1.0,0.61488003315554,54.3305658037584
1200.0,1.0,0.626373008466349,54.1245081025369
1200.0,1.0,0.637896390631684,53.9281274662345
1200.0,1.0,0.649466412379736,53.7476015799938
1200.0,1.0,0.661088800375592,53.5867278308529
1200.0,1.0,0.672757127487519,53.445113395399
1200.0,1.0,0.684448245507336,53.3138869328288
1200.0,1.0,0.69615826011203,53.1921318176814
1200.0,1.0,0.707879468166135,53.0762464606087
1200.0,1.0,0.719568560330547,52.9439225588475
1200.0,1.0,0.731216795123963,52.7929984811276
1200.0,1.0,0.74286088028475,52.640442928302
1200.0,1.0,0.754556433549497,52.5113298079686
1200.0,1.0,0.766294436967362,52.4050422275279
1200.0,1.0,0.778053365416081,52.3115535880579
1200.0,1.0,0.789812428711098,52.218116405385
1200.0,1.0,0.801572132875702,52.1250725948436
1200.0,1.0,0.813350943142991,52.0461192070537
1200.0,1.0,0.82515330886493,51.9880666340284
1200.0,1.0,0.836971392196591,51.9484681534689
1200.0,1.0,0.848781029072471,51.898466421359
1200.0,1.0,0.86057247576532,51.8300582590873
1200.0,1.0,0.872356375196204,51.7547739326489
1200.0,1.0,0.884171988400439,51.7154550814127
1200.0,1.0,0.896002763669323,51.7434089225357
1200.0,1.0,0.907825552853527,51.7527765567671
1200.0,1.0,0.919596750531789,51.6727452575609
1200.0,1.0,0.93137392857185,51.5956739009285
1200.0,1.0,0.943199822829653,51.5732062594115
1200.0,1.0,0.955030815528783,51.5591040653624
1200.0,1.0,0.966855237330613,51.5295140846081
1200.0,1.0,0.978684653839029,51.5142715636658
1200.0,1.0,0.990516738516288,51.5384748994817
1200.0,1.0,1.00234496766652,51.5783930756211
1200.0,1.0,1.01417134811537,51.6219115489929
1200.0,1.0,1.02598175600759,51.6885599801324
1200.0,1.0,1.03777114265967,51.7772859790416
1200.0,1.0,1.04957904621663,51.8459042329709
1200.0,1.0,1.06141108455967,51.8695529023396
1200.0,1.0,1.0732455726867,51.8758857309773
1200.0,1.0,1.08506622120514,51.9240214750581
1200.0,1.0,1.09682791336318,52.033448062193
1200.0,1.0,1.10856396114409,52.1598210047105
1200.0,1.0,1.12024879106029,52.3131486906134
1200.0,1.0,1.13193532365489,52.4657212607352
1200.0,1.0,1.14373325629002,52.5366118890005
1200.0,1.0,1.15554716912272,52.5062462594131
1200.0,1.0,1.16727667005337,52.4205788015289
1200.0,1.0,1.17891939492736,52.5870921725268
1200.0,10.0,0.0,29.2419347114732
1200.0,10.0,0.0007151365740964,30.5711573613921
1200.0,10.0,0.0014341616651357,31.9003973843862
1200.0,10.0,0.002153186756175,33.2296573801046
1200.0,10.0,0.002838081509589,34.5591131195847
1200.0,10.0,0.0034249893902169,35.889092237495
1200.0,10.0,0.0040118972708448,37.2190893803002
1200.0,10.0,0.0045840552074361,38.5491739513255
1200.0,10.0,0.0051274045591475,39.8794122696396
1200.0,10.0,0.0056707539108588,41.2096688652177
1200.0,10.0,0.0062152424291589,42.5399499962404
1200.0,10.0,0.006761295134757,43.8702591930702
1200.0,10.0,0.0073073478403551,45.200588349675
1200.0,10.0,0.0080617401061255,46.5298175599138
1200.0,10.0,0.0090131300983946,47.8580209752534
1200.0,10.0,0.0099645200906637,49.1862617683523
1200.0,10.0,0.0117552157458041,50.504706462523
1200.0,10.0,0.0138503205101758,51.8196647418451
1200.0,10.0,0.0160729325938317,53.132351301029
1200.0,10.0,0.0186835386936834,54.4379646922592
1200.0,10.0,0.0212941447935351,55.7436912737315
1200.0,10.0,0.0240176194506124,57.0472338052897
1200.0,10.0,0.0267548764589378,58.3506197342713
1200.0,10.0,0.0295775100730603,59.6522927135963
1200.0,10.0,0.0324599715570926,60.9528125389911
1200.0,10.0,0.035400309841939,62.25214405149
1200.0,10.0,0.0384523041312626,63.5490651062438
1200.0,10.0,0.0415357468235279,64.8453652187648
1200.0,10.0,0.0447892023906363,66.1376520546542
1200.0,10.0,0.0480519230263069,67.4298598036788
1200.0,10.0,0.0515492412181967,68.7160137459421
1200.0,10.0,0.0550465594100865,70.0023530035235
1200.0,10.0,0.0588661921910837,71.2794738407874
1200.0,10.0,0.0627013345471346,72.5563066882731
1200.0,10.0,0.0668822162316323,73.8221748796155
1200.0,10.0,0.0711341145260882,75.0857137707964
1200.0,10.0,0.0757324741582189,76.3370030125119
1200.0,10.0,0.0805534871992797,77.579410039447
1200.0,10.0,0.0857157001832645,78.8080908770738
1200.0,10.0,0.0912553036714283,80.0194456194194
1200.0,10.0,0.0970007927404925,81.2211678704302
1200.0,10.0,0.103104432947369,82.4046571066401
1200.0,10.0,0.109499513632099,83.5718670369362
1200.0,10.0,0.116163171204301,84.7234062900001
1200.0,10.0,0.123234094826643,85.8495243107017
1200.0,10.0,0.130723142755716,86.9465907906876
1200.0,10.0,0.138558578915992,88.0175513820399
1200.0,10.0,0.146771150803207,89.0581200021668
1200.0,10.0,0.155388927727343,90.0633427689758
1200.0,10.0,0.164462217869585,91.0247444877299
1200.0,10.0,0.173792240483533,91.9594751570408
1200.0,10.0,0.183274769608839,92.8778508214644
1200.0,10.0,0.192907403153447,93.7795157691294
1200.0,10.0,0.202691722192988,94.6636384250354
1200.0,10.0,0.212633395830418,95.5287839774773
1200.0,10.0,0.222737401202859,96.3734776774531
1200.0,10.0,0.233006080608308,97.196447188357
1200.0,10.0,0.243458833422287,97.9937103606363
1200.0,10.0,0.254121878674705,98.7597198946453
1200.0,10.0,0.265002159528412,99.4911308107414
1200.0,10.0,0.276159282347473,100.173755272152
1200.0,10.0,0.287765883912463,100.762800957549
1200.0,10.0,0.299849754685655,101.227149675151
1200.0,10.0,0.312288379625673,101.562264141392
1200.0,10.0,0.324906482570336,101.801107757042
1200.0,10.0,0.337612587406156,101.964353207982
1200.0,10.0,0.350362728473367,102.059397424541
1200.0,10.0,0.3631240733648,102.096569837887
1200.0,10.0,0.375874155991634,102.079302892283
1200.0,10.0,0.38857314544377,101.989240813909
1200.0,10.0,0.401149614486715,101.802611266601
1200.0,10.0,0.413545301534368,101.52202240718
1200.0,10.0,0.425808801586668,101.186502227213
1200.0,10.0,0.438019899447184,100.831379794511
1200.0,10.0,0.450197965501478,100.464485649777
1200.0,10.0,0.462310268132408,100.075601867467
1200.0,10.0,0.474320004263261,99.6547786151558
1200.0,10.0,0.486222569407311,99.2028244917257
1200.0,10.0,0.49813518839499,98.753045006201
1200.0,10.0,0.510168957678741,98.338227083059
1200.0,10.0,0.522336415742888,97.9655584373053
1200.0,10.0,0.534494761310356,97.5891313980155
1200.0,10.0,0.546504594065852,97.1657818606261
1200.0,10.0,0.558350598357202,96.6958381011004
1200.0,10.0,0.570119970708272,96.2053220409973
1200.0,10.0,0.581880128976079,95.7119552467153
1200.0,10.0,0.59363860702461,95.2176833767252
1200.0,10.0,0.605405710315634,94.7251310779937
1200.0,10.0,0.617189346464211,94.2363468305779
1200.0,10.0,0.628989377787856,93.7513394373208
1200.0,10.0,0.640777864303966,93.262878206465
1200.0,10.0,0.65253288349107,92.7653962205393
1200.0,10.0,0.664254718361144,92.2591045245592
1200.0,10.0,0.675996785406839,91.7574106194609
1200.0,10.0,0.687795587751397,91.26980795859
1200.0,10.0,0.699647176206226,90.7956989751832
1200.0,10.0,0.711437871326566,90.3051342404255
1200.0,10.0,0.723082268796375,89.7778744793472
1200.0,10.0,0.734576662433181,89.2154813034277
1200.0,10.0,0.746007172312009,88.6383388341699
1200.0,10.0,0.757444656904884,88.0622019108442
1200.0,10.0,0.768918338050672,87.4935059661811
1200.0,10.0,0.780497387812522,86.9485223370825
1200.0,10.0,0.792264924928393,86.4493736072446
1200.0,10.0,0.804232495583162,86.0042340398026
1200.0,10.0,0.816347553874713,85.6034387739859
1200.0,10.0,0.828554552080103,85.2331128591591
1200.0,10.0,0.840830681526846,84.8875761162479
1200.0,10.0,0.853118834940061,84.5461957784583
1200.0,10.0,0.865356477516633,84.1857491579614
1200.0,10.0,0.877541346317422,83.8063222764727
1200.0,10.0,0.889695289438711,83.4160378185587
1200.0,10.0,0.901841985329795,83.0229997855623
1200.0,10.0,0.913989165244969,82.629798096549
1200.0,10.0,0.926169524286685,82.2476316041414
1200.0,10.0,0.938415868677387,81.888596415119
1200.0,10.0,0.950734224790677,81.5567707061436
1200.0,10.0,0.963146479652572,81.2644622888068
1200.0,10.0,0.975657216136486,81.019894705329
1200.0,10.0,0.988231551931875,80.8110714170668
1200.0,10.0,1.00077327239391,80.5831665861333
1200.0,10.0,1.01325145804718,80.3211664661461
1200.0,10.0,1.02567123832416,80.0309162527165
1200.0,10.0,1.03806572048744,79.7290017356305
1200.0,10.0,1.05044430827468,79.419951209799
1200.0,10.0,1.06281682117136,79.1080638678136
1200.0,10.0,1.0752016927013,78.8012497058497
1200.0,10.0,1.08760152297172,78.5007400210632
1200.0,10.0,1.10002759089155,78.211864285431
1200.0,10.0,1.11251885532146,77.9545779108463
1200.0,10.0,1.12506423305944,77.7265169600405
1200.0,10.0,1.13764641280658,77.5203865442498
1200.0,10.0,1.15024908716815,77.327413619479
1200.0,10.0,1.16285764631264,77.1383222574974
1200.0,10.0,1.17541363785432,76.916814912887
1200.0,10.0,1.1878645233386,76.6389324757938
1200.0,10.0,1.20019615707891,76.3080992128839
1200.0,10.0,1.21242981266957,75.9393985410719
1200.0,10.0,1.22457384066486,75.539097059007
1200.0,10.0,1.23663749993611,75.1123814177497
1200.0,10.0,1.24862881195982,74.6631973006057
1200.0,10.0,1.26039554978778,74.1582132314602
